,RAhour,DEdeg,radius,d
0,0.0045,60.933,0.155,2700.0
1,0.0055,50.727,0.156,1953.0
2,0.0085,59.242,0.09,2926.0
3,0.0265,64.625,0.08,774.0
4,0.0373,67.425,0.22,1000.0
5,0.049,67.5,0.76,850.0
6,0.059,-30.0,2.35,250.0
7,0.0568,63.58,0.135,3599.0
8,0.0664,68.565,0.09,1338.0
9,0.097,81.84,0.08,3744.0
10,0.112,65.629,0.085,1700.0
11,0.1268,61.49,0.07,2609.0
12,0.1408,51.724,0.065,1905.0
13,0.1609,62.704,0.105,1600.0
14,0.16,60.467,0.07,10300.0
15,0.1676,61.184,0.115,3100.0
16,0.1778,58.748,0.305,470.0
17,0.179,59.735,0.09,4638.0
18,0.2491,61.471,0.14,5492.0
19,0.2534,68.318,0.165,3233.0
20,0.2575,61.26,0.07,8000.0
21,0.2721,59.962,0.125,5326.0
22,0.295,60.934,0.09,3299.0
23,0.325,55.645,0.22,2301.0
24,0.3402,59.332,0.06,1850.0
25,0.3541,54.827,0.09,2038.0
26,0.3676,61.741,0.115,1430.0
27,0.3677,64.384,0.22,1659.0
28,0.383,51.883,0.12,1908.0
29,0.3938,62.71,0.067,1600.0
30,0.4003,-72.081,0.95,4501.0
31,0.4209,62.602,0.14,1100.0
32,0.418,61.34,0.09,2501.0
33,0.4211,60.382,0.1,5499.0
34,0.428,63.75,0.165,5087.0
35,0.445,64.03,0.17,1123.0
36,0.457,71.422,0.115,1600.0
37,0.4652,60.677,0.12,3100.0
38,0.4823,43.279,0.11,2164.0
39,0.485,62.409,0.095,1800.0
40,0.4905,68.894,0.14,4701.0
41,0.5041,57.931,0.155,1700.0
42,0.5028,60.203,0.155,1685.0
43,0.518,55.275,0.24,1550.0
44,0.5213,63.345,0.08,1861.0
45,0.5267,61.51,0.125,3519.0
46,0.5343,63.181,0.14,2600.0
47,0.5466,61.89,0.095,5500.0
48,0.5484,63.305,0.16,2800.0
49,0.658,61.115,0.12,1300.0
50,0.6627,61.965,0.145,2400.0
51,0.6795,60.855,0.13,4000.0
52,0.6982,64.956,0.055,5053.0
53,0.7102,64.06,0.14,2186.0
54,0.72,61.782,0.18,850.0
55,0.7283,60.152,0.11,4500.0
56,0.731,64.18,0.13,2325.0
57,0.734,52.36,0.15,2203.0
58,0.7512,64.382,0.17,3300.0
59,0.79,85.255,0.57,2000.0
60,0.8053,67.193,0.1,2153.0
61,0.834,64.091,0.11,2400.0
62,0.8455,54.765,0.085,2362.0
63,0.8425,65.965,0.17,810.0
64,0.8488,58.201,0.1,5499.0
65,0.854,44.285,0.2,2154.0
66,0.831,64.14,0.27,2600.0
67,0.8748,64.667,0.14,1517.0
68,0.8795,-26.585,0.31,8912.0
69,0.88,56.63,0.23,2400.0
70,0.883,59.835,0.125,2534.0
71,0.888,61.6,0.21,550.0
72,0.8885,49.48,0.425,750.0
73,0.9,65.797,0.105,2094.0
74,0.9547,62.125,0.11,1841.0
75,0.9605,55.855,0.19,523.0
76,0.9695,68.465,0.32,2000.0
77,1.0185,63.935,0.16,2000.0
78,1.0525,62.787,0.08,1600.0
79,1.055,-70.847,0.235,8603.0
80,1.004,61.46,0.6,3000.0
81,1.109,62.224,0.16,2200.0
82,1.134,65.662,0.09,4126.0
83,1.1405,61.579,0.18,1200.0
84,1.1435,63.118,0.065,12002.0
85,1.199,56.985,0.12,3501.0
86,1.2025,62.258,0.11,1363.0
87,1.215,32.05,1.32,190.0
88,1.2534,60.123,0.14,1650.0
89,1.2664,58.811,0.155,3000.0
90,1.2906,61.3,0.1,1800.0
91,1.3179,60.347,0.1,2075.0
92,1.327,58.28,0.22,2400.0
93,1.3305,52.667,0.165,1799.0
94,1.3289,63.067,0.16,3001.0
95,1.3675,63.703,0.115,2146.0
96,1.43,62.985,0.14,1934.0
97,1.4345,62.613,0.12,5086.0
98,1.4665,44.155,0.15,1907.0
99,1.492,63.302,0.3,2200.0
100,1.4959,60.713,0.08,2800.0
101,1.5544,60.652,0.17,2199.0
102,1.557,74.742,0.165,3896.0
103,1.5935,61.463,0.07,1632.0
104,1.594,61.275,0.08,2399.0
105,1.6063,64.535,0.125,4499.0
106,1.62,65.85,0.15,2501.0
107,1.6608,65.921,0.09,6001.0
108,1.6617,64.875,0.07,3500.0
109,1.6823,64.515,0.12,7500.0
110,1.7185,64.045,0.145,2304.0
111,1.7195,74.405,0.14,2121.0
112,1.7233,55.84,0.095,1934.0
113,1.733,61.9,0.16,1786.0
114,1.7395,60.67,0.155,2300.0
115,1.77,61.225,0.24,2100.0
116,1.82,71.78,0.51,800.0
117,1.788,57.68,0.19,1350.0
118,1.795,62.933,0.08,6000.0
119,1.836,27.115,0.36,1400.0
120,1.855,61.06,0.15,2500.0
121,1.873,61.865,0.245,4801.0
122,1.8855,57.01,0.21,900.0
123,1.8953,-45.92,0.37,1380.0
124,1.903,62.37,0.11,2600.0
125,1.9285,61.354,0.09,2400.0
126,1.9515,37.79,1.4,450.0
127,1.9555,63.49,0.39,2400.0
128,1.9763,55.478,0.345,1382.0
129,1.977,60.157,0.17,1100.0
130,1.985,58.925,0.18,2000.0
131,2.0087,67.803,0.1,2501.0
132,2.0235,75.493,0.24,5001.0
133,2.032,62.85,0.115,1391.0
134,2.047,70.696,0.085,2200.0
135,2.0503,62.253,0.12,3001.0
136,2.0757,64.355,0.24,1100.0
137,2.0865,81.204,0.18,2589.0
138,2.0942,62.265,0.09,4739.0
139,2.0983,67.745,0.135,1466.0
140,2.124,60.271,0.083,2200.0
141,2.1355,60.75,0.27,2735.0
142,2.145,60.437,0.125,2726.0
143,2.226,44.74,0.115,1530.0
144,2.244,59.44,1.7,400.0
145,2.276,55.397,0.05,2500.0
146,2.316,57.145,0.535,2300.0
147,2.3249,58.304,0.075,2000.0
148,2.3266,63.73,0.11,3991.0
149,2.3344,61.102,0.1,2668.0
150,2.3475,59.2,0.08,4000.0
151,2.346,59.69,0.24,1801.0
152,2.361,65.89,0.107,4801.0
153,2.3675,57.145,0.44,2345.0
154,2.3908,63.755,0.17,1000.0
155,2.4428,61.988,0.19,1835.0
156,2.4535,61.628,0.093,2009.0
157,2.461,58.758,0.1,2297.0
158,2.486,61.785,0.12,3700.0
159,2.49,62.07,0.115,2006.0
160,2.482,72.19,0.16,2301.0
161,2.4955,60.675,0.145,850.0
162,2.4945,51.895,0.09,4000.0
163,2.4955,58.1,0.135,1417.0
164,2.5115,51.805,0.18,2200.0
165,2.519,72.48,0.13,2375.0
166,2.533,44.58,0.14,2613.0
167,2.5455,61.455,0.27,1700.0
168,2.5503,58.768,0.09,1410.0
169,2.5585,57.573,0.29,1900.0
170,2.559,59.875,0.09,1900.0
171,2.565,60.18,0.09,2500.0
172,2.5805,62.588,0.09,1900.0
173,2.6015,59.025,0.18,2801.0
174,2.6096,59.634,0.13,1500.0
175,2.6245,55.95,0.44,670.0
176,2.6255,56.405,0.165,1000.0
177,2.65,60.4,0.11,2501.0
178,2.6562,54.913,0.125,2000.0
179,2.7033,42.79,0.73,510.0
180,2.708,56.735,0.13,2787.0
181,2.711,61.62,0.235,950.0
182,2.7409,62.318,0.1,4101.0
183,2.783,57.745,0.21,2901.0
184,2.7945,61.973,0.11,1600.0
185,2.8465,60.65,0.07,12998.0
186,2.8518,60.41,0.27,1500.0
187,2.8615,69.245,0.11,5200.0
188,2.9085,62.525,0.215,2056.0
189,2.921,60.6,0.07,2028.0
190,2.9351,68.825,0.14,930.0
191,2.988,62.3,0.32,2273.0
192,2.9877,60.3,0.24,1100.0
193,2.991,60.55,0.115,1000.0
194,3.0065,57.285,0.135,2300.0
195,3.0218,60.503,0.09,3465.0
196,3.0677,58.74,0.115,7002.0
197,3.098,44.38,0.08,6000.0
198,3.17,64.28,0.09,1900.0
199,3.18,-57.76,0.25,944.0
200,3.1948,53.347,0.085,2100.0
201,3.2035,63.15,0.47,620.0
202,3.2045,-55.216,0.145,16298.0
203,3.2467,47.253,0.37,3000.0
204,3.2462,52.697,0.225,2200.0
205,3.282,60.015,0.28,450.0
206,3.2845,58.605,0.07,2200.0
207,3.339,60.26,0.07,1933.0
208,3.3867,52.233,0.075,2500.0
209,3.3867,60.55,0.1,5001.0
210,3.445,48.8,6.1,175.0
211,3.451,35.03,0.53,700.0
212,3.4675,56.465,0.26,632.0
213,3.468,-35.87,3.18,112.0
214,3.482,31.37,0.57,324.0
215,3.5195,52.632,0.145,2700.0
216,3.5336,37.357,0.275,665.0
217,3.538,44.84,0.41,837.0
218,3.543,59.21,0.155,1037.0
219,3.5442,52.65,0.13,1550.0
220,3.557,36.826,0.115,1800.0
221,3.57,51.4,0.11,1800.0
222,3.66,66.49,0.235,2201.0
223,3.679,82.22,0.08,2600.0
224,3.673,59.43,0.1,2301.0
225,3.689,34.655,0.135,1600.0
226,3.7435,32.15,0.26,480.0
227,3.789,53.902,0.09,3000.0
228,3.767,24.37,6.2,130.0
229,3.801,59.07,0.27,1350.0
230,3.8505,35.1,3.2,400.0
231,3.8233,52.64,0.1,1300.0
232,3.8737,61.96,0.07,2900.0
233,3.9225,58.4,0.07,3971.0
234,3.9267,54.017,0.07,4000.0
235,3.9362,53.877,0.09,1742.0
236,3.9522,32.021,0.12,1685.0
237,3.9645,-76.8,0.13,1023.0
238,3.981,53.64,0.18,1400.0
239,3.9852,51.782,0.35,2628.0
240,3.9857,57.24,0.06,4299.0
241,4.013,56.45,0.66,2801.0
242,4.0385,52.45,0.065,3000.0
243,4.041,51.917,0.1,3213.0
244,4.051,41.303,0.14,1705.0
245,4.0637,55.419,0.07,7317.0
246,4.074,52.645,0.065,1300.0
247,4.097,39.2,0.115,1786.0
248,4.103,51.91,0.085,1700.0
249,4.1005,40.168,0.13,1520.0
250,4.11,39.135,0.095,1963.0
251,4.1205,51.167,0.075,1818.0
252,4.1305,62.331,0.3,1023.0
253,4.1647,26.57,0.1,1900.0
254,4.1617,49.51,0.155,1400.0
255,4.1735,39.25,0.11,1379.0
256,4.1805,46.868,0.11,2812.0
257,4.2063,48.728,0.13,3400.0
258,4.219,-70.465,0.22,1820.0
259,4.2425,28.49,0.55,1306.0
260,4.2565,51.19,0.45,950.0
261,4.2805,41.075,0.07,3918.0
262,4.2995,26.211,0.17,2100.0
263,4.3036,38.145,0.14,2200.0
264,4.3105,52.86,0.13,4400.0
265,4.3115,41.526,0.115,1600.0
266,4.316,58.25,0.22,3000.0
267,4.3292,53.175,0.075,2100.0
268,4.341,44.915,0.165,1964.0
269,4.353,50.252,0.13,863.0
270,4.3555,36.92,0.13,2501.0
271,4.3617,27.235,0.125,2500.0
272,4.3745,51.855,0.1,3501.0
273,4.3915,33.555,0.1,4000.0
274,4.4036,29.715,0.105,2702.0
275,4.431,46.095,0.18,1073.0
276,4.4486,73.38,0.11,2499.0
277,4.4638,30.945,0.14,1263.0
278,4.4537,25.965,0.2,2800.0
279,4.4944,26.005,0.09,3000.0
280,4.498,38.5,0.16,1816.0
281,4.5031,35.279,0.42,730.0
282,4.525,43.79,0.41,1000.0
283,4.5765,21.675,0.135,2025.0
284,4.582,45.275,0.115,2600.0
285,4.63,71.47,2.25,170.0
286,4.5905,-65.74,0.26,985.0
287,4.5938,36.098,0.19,2100.0
288,4.606,51.18,0.135,6408.0
289,4.609,22.035,0.12,2050.0
290,4.63,50.775,0.155,2000.0
291,4.662,29.745,0.13,2289.0
292,4.6772,50.451,0.1,5466.0
293,4.713,41.917,0.11,1819.0
294,4.7374,41.803,0.095,3500.0
295,4.741,42.1,0.165,1800.0
296,4.7405,42.69,0.17,3300.0
297,4.7463,41.505,0.11,3103.0
298,4.753,39.76,0.11,1500.0
299,4.7665,19.17,0.75,572.0
300,4.769,42.13,0.08,1700.0
301,4.7683,31.382,0.115,27198.0
302,4.771,55.255,0.335,520.0
303,4.7706,41.976,0.14,3662.0
304,4.7758,44.739,0.08,2800.0
305,4.794,31.55,0.165,3423.0
306,4.8075,10.925,0.485,437.0
307,4.821,13.17,0.285,1490.0
308,4.8321,41.719,0.22,600.0
309,4.8431,38.134,0.08,1250.0
310,4.8539,43.66,0.31,1200.0
311,4.8592,45.735,0.07,2501.0
312,4.873,35.95,0.13,3000.0
313,4.9003,40.84,0.13,2700.0
314,4.9,20.255,0.15,2550.0
315,4.9185,65.555,0.12,3001.0
316,4.9288,36.783,0.17,3001.0
317,4.9295,52.815,0.1,2800.0
318,4.9518,28.781,0.19,2499.0
319,4.9692,43.007,0.15,3000.0
320,4.9903,23.804,0.115,1600.0
321,4.991,37.965,0.155,1250.0
322,4.9964,43.485,0.165,5460.0
323,5.0105,43.565,0.46,1100.0
324,5.0195,35.793,0.115,3801.0
325,5.031,44.13,0.115,2501.0
326,5.0352,44.512,0.135,1300.0
327,5.036,36.766,0.14,3001.0
328,5.0445,42.54,0.12,2710.0
329,5.049,50.1,0.14,1711.0
330,5.0555,42.39,0.13,1532.0
331,5.0573,52.865,0.24,630.0
332,5.0565,49.49,0.13,2200.0
333,5.063,32.165,0.14,1705.0
334,5.076,23.83,0.6,800.0
335,5.1057,21.527,0.14,2428.0
336,5.1055,39.165,0.14,1150.0
337,5.1145,22.573,0.66,275.0
338,5.121,38.41,0.085,3720.0
339,5.1199,30.85,0.1,5151.0
340,5.1367,27.535,0.16,2500.0
341,5.133,37.028,0.17,1500.0
342,5.1378,49.873,0.09,3900.0
343,5.14,39.08,0.125,3000.0
344,5.144,53.22,0.105,1522.0
345,5.161,8.595,0.2,2882.0
346,5.1655,38.815,0.075,4001.0
347,5.1685,24.18,0.19,2100.0
348,5.1802,16.522,0.18,2812.0
349,5.1828,30.205,0.11,4598.0
350,5.1858,45.715,0.115,4500.0
351,5.194,47.695,0.155,5247.0
352,5.2055,16.68,0.26,1504.0
353,5.23,44.595,0.68,800.0
354,5.2242,37.438,0.12,2238.0
355,5.2264,9.68,0.14,1649.0
356,5.2355,-40.043,0.225,12097.0
357,5.244,19.815,0.18,1092.0
358,5.2433,32.66,0.15,868.0
359,5.257,58.205,0.15,2007.0
360,5.266,-45.24,0.12,2180.0
361,5.2677,47.613,0.115,2390.0
362,5.2765,45.605,0.165,2991.0
363,5.292,4.418,0.11,2220.0
364,5.3038,37.557,0.1,3497.0
365,5.304,-68.44,0.335,406.0
366,5.307,70.895,0.14,1879.0
367,5.3115,37.63,0.115,2700.0
368,5.3095,19.12,0.125,2056.0
369,5.3275,36.5,0.075,5441.0
370,5.3343,39.29,0.165,3299.0
371,5.335,-26.033,0.1,2856.0
372,5.34,35.18,0.175,1100.0
373,5.341,39.54,0.25,2000.0
374,5.3437,30.59,0.22,1800.0
375,5.3735,45.405,0.275,5800.0
376,5.3755,7.16,0.145,1031.0
377,5.3745,36.565,0.165,1400.0
378,5.3805,33.43,0.28,3300.0
379,5.3718,41.025,0.235,1472.0
380,5.3878,18.746,0.125,2070.0
381,5.3952,8.16,0.125,1710.0
382,5.398,11.49,0.16,1371.0
383,5.399,42.323,0.125,1523.0
384,5.4002,29.567,0.09,4800.0
385,5.4031,-24.52,0.205,12892.0
386,5.4037,33.477,0.125,4001.0
387,5.4075,5.476,0.16,2795.0
388,5.4025,1.64,0.66,397.0
389,5.4065,32.608,0.205,2799.0
390,5.4155,18.31,0.14,2304.0
391,5.422,30.182,0.195,1850.0
392,5.4256,11.593,0.19,1633.0
393,5.4283,34.957,0.14,1300.0
394,5.4276,29.26,0.125,2600.0
395,5.4294,41.93,0.155,5001.0
396,5.4313,46.49,0.15,5752.0
397,5.435,15.67,1.5,325.0
398,5.4375,0.9,0.44,313.0
399,5.4405,50.79,0.135,3200.0
400,5.4455,36.015,0.25,4301.0
401,5.4335,6.33,2.2,95.0
402,5.4589,7.075,0.17,2376.0
403,5.4603,34.748,0.13,1173.0
404,5.4615,-1.965,0.52,314.0
405,5.4625,33.785,0.125,797.0
406,5.4667,16.915,0.2,1887.0
407,5.4672,40.352,0.19,550.0
408,5.468,35.325,0.21,1600.0
409,5.469,34.424,0.28,1731.0
410,5.4725,34.785,0.1,1919.0
411,5.4793,1.64,0.725,394.0
412,5.481,35.8,0.39,1144.0
413,5.484,3.56,0.85,379.0
414,5.4854,44.77,0.14,1800.0
415,5.4913,13.36,0.115,2710.0
416,5.504,38.207,0.105,4200.0
417,5.523,34.233,0.16,3001.0
418,5.5352,41.618,0.12,2300.0
419,5.5353,-3.035,0.085,2127.0
420,5.5325,12.41,0.32,772.0
421,5.536,-36.38,0.17,1703.0
422,5.5387,17.178,0.195,2711.0
423,5.5405,0.53,0.15,1934.0
424,5.5436,0.183,0.145,8399.0
425,5.556,39.833,0.165,3741.0
426,5.5595,26.469,0.06,2241.0
427,5.5731,25.563,0.13,3816.0
428,5.5831,17.268,0.15,1685.0
429,5.585,-4.42,0.22,388.0
430,5.589,9.83,0.535,411.0
431,5.5885,-5.36,0.435,458.0
432,5.591,-5.915,0.23,520.0
433,5.5925,-4.83,0.235,358.0
434,5.5965,-0.88,0.88,379.0
435,5.5973,25.95,0.155,1658.0
436,5.6052,-3.28,0.165,2325.0
437,5.6055,34.158,0.26,1200.0
438,5.6075,-6.42,0.23,314.0
439,5.6107,31.84,0.165,1750.0
440,5.6133,31.2,0.14,1600.0
441,5.6285,31.305,0.075,2153.0
442,5.6317,-6.956,0.095,636.0
443,5.6365,25.75,0.2,2056.0
444,5.6355,31.74,0.11,2801.0
445,5.6455,-2.6,0.4,390.0
446,5.6457,30.723,0.1,1715.0
447,5.654,37.805,0.415,500.0
448,5.6555,31.516,0.12,2220.0
449,5.6576,30.903,0.115,1359.0
450,5.6592,33.358,0.077,2500.0
451,5.6687,11.46,0.14,2035.0
452,5.6785,35.92,0.14,2307.0
453,5.6815,35.707,0.14,2152.0
454,5.6825,32.266,0.135,3260.0
455,5.6828,20.356,0.118,912.0
456,5.69,39.238,0.075,3601.0
457,5.6925,35.861,0.185,1110.0
458,5.698,29.92,0.155,1213.0
459,5.699,-5.295,0.165,1241.0
460,5.7045,33.66,0.155,2473.0
461,5.708,-8.15,0.41,497.0
462,5.7097,29.548,0.1,1100.0
463,5.71,30.973,0.095,2999.0
464,5.7147,28.957,0.12,2100.0
465,5.7183,20.145,0.125,1226.0
466,5.7281,9.095,0.55,612.0
467,5.7312,21.705,0.115,1750.0
468,5.7405,28.825,0.16,2600.0
469,5.752,24.738,0.145,1836.0
470,5.77,8.675,0.18,2241.0
471,5.7785,0.1,0.14,747.0
472,5.7861,0.3,0.14,953.0
473,5.7889,30.6,0.115,2600.0
474,5.79,-6.865,0.22,1656.0
475,5.7917,35.419,0.085,1819.0
476,5.7965,21.95,0.15,3102.0
477,5.8005,5.395,0.14,2143.0
478,5.8167,30.205,0.12,2801.0
479,5.8098,7.38,0.18,2637.0
480,5.814,26.365,0.155,1881.0
481,5.8218,33.63,0.12,4500.0
482,5.835,28.9,0.14,2449.0
483,5.837,23.878,0.07,4857.0
484,5.8385,22.24,0.095,3753.0
485,5.8545,25.77,0.11,1063.0
486,5.8615,-12.22,0.13,2268.0
487,5.863,21.815,0.11,5716.0
488,5.868,27.378,0.12,1863.0
489,5.8702,26.958,0.1,2186.0
490,5.8715,29.897,0.165,3000.0
491,5.8725,32.57,0.485,1400.0
492,5.8705,54.19,0.095,2201.0
493,5.8915,25.173,0.17,2149.0
494,5.8955,0.413,0.62,977.0
495,5.8973,26.83,0.12,3787.0
496,5.922,-59.92,0.245,1003.0
497,5.924,20.885,0.17,5041.0
498,5.9708,21.99,0.18,1318.0
499,5.97,16.525,0.075,8885.0
500,5.9754,7.757,0.095,5493.0
501,6.0105,-10.64,0.17,1579.0
502,6.0174,35.277,0.155,1900.0
503,6.0184,23.34,0.14,1651.0
504,6.0208,-6.085,0.18,1661.0
505,6.0432,49.872,0.225,1100.0
506,6.0435,-12.018,0.145,4432.0
507,6.0485,10.46,0.19,4364.0
508,6.0533,5.745,0.195,1490.0
509,6.0675,30.27,0.125,2254.0
510,6.0682,20.28,0.14,2886.0
511,6.0695,-20.159,0.205,1893.0
512,6.072,22.003,0.13,2977.0
513,6.0733,15.42,0.13,3145.0
514,6.074,14.562,0.13,1508.0
515,6.081,-29.185,0.115,1077.0
516,6.0805,24.07,0.09,2311.0
517,6.0835,-26.733,0.155,981.0
518,6.0847,16.1,0.22,3616.0
519,6.09,30.793,0.115,2088.0
520,6.088,16.675,0.16,1810.0
521,6.0925,14.552,0.155,1875.0
522,6.0997,13.66,0.165,2082.0
523,6.1077,19.227,0.155,3465.0
524,6.1175,19.022,0.095,1427.0
525,6.1197,-6.065,0.155,799.0
526,6.1238,24.092,0.25,4770.0
527,6.1255,19.095,0.13,1633.0
528,6.1298,29.64,0.18,1254.0
529,6.1298,18.775,0.11,1202.0
530,6.137,-9.58,0.16,1068.0
531,6.14,13.99,0.22,1032.0
532,6.139,-11.5,0.14,1892.0
533,6.1458,24.317,0.055,2839.0
534,6.148,-8.947,0.095,2025.0
535,6.1487,26.26,0.11,2982.0
536,6.1535,24.36,0.98,830.0
537,6.1528,25.68,0.105,2127.0
538,6.152,4.585,0.18,2973.0
539,6.1553,31.223,0.085,2710.0
540,6.1558,20.66,0.085,2109.0
541,6.245,-22.5,2.07,272.0
542,6.1615,20.505,0.15,1636.0
543,6.1625,4.805,0.11,1882.0
544,6.164,12.345,0.14,2120.0
545,6.1665,-7.985,0.135,1581.0
546,6.1665,-6.32,0.16,1627.0
547,6.1672,24.55,0.1,3220.0
548,6.1715,13.017,0.17,1994.0
549,6.1739,16.833,0.11,1721.0
550,6.176,16.97,0.17,1444.0
551,6.18,-6.2,0.39,1047.0
552,6.182,20.615,0.1,1664.0
553,6.1828,14.396,0.24,2397.0
554,6.1885,-3.42,0.18,621.0
555,6.1894,11.871,0.12,2187.0
556,6.196,7.02,0.17,2450.0
557,6.2025,5.463,0.13,1445.0
558,6.202,1.055,0.15,1468.0
559,6.2045,5.185,0.16,1917.0
560,6.207,13.02,0.16,2180.0
561,6.2282,6.953,0.205,1861.0
562,6.2168,15.93,0.13,1659.0
563,6.2284,14.995,0.1,4597.0
564,6.2285,21.552,0.125,1485.0
565,6.2295,12.818,0.24,2804.0
566,6.234,-9.375,0.14,830.0
567,6.2375,22.483,0.1,1893.0
568,6.2375,14.8,0.125,2421.0
569,6.242,0.66,0.205,771.0
570,6.2445,-29.38,0.105,1070.0
571,6.246,19.019,0.075,2140.0
572,6.2472,12.865,0.085,2874.0
573,6.2498,12.338,0.11,1934.0
574,6.2547,39.868,0.18,3501.0
575,6.251,3.85,1.3,347.0
576,6.2592,-18.66,0.155,3790.0
577,6.2623,19.005,0.115,2167.0
578,6.2632,14.277,0.085,2669.0
579,6.2735,36.365,0.15,5444.0
580,6.2753,-8.945,0.11,1209.0
581,6.281,6.027,0.13,1940.0
582,6.2928,22.427,0.09,2075.0
583,6.298,-1.69,0.18,2589.0
584,6.3006,24.695,0.13,3435.0
585,6.305,20.54,0.155,1243.0
586,6.3173,14.13,0.1,1734.0
587,6.316,7.327,0.155,2928.0
588,6.3227,18.51,0.14,1380.0
589,6.32,23.35,0.26,1021.0
590,6.3393,46.675,0.375,600.0
591,6.3398,-7.005,0.125,3009.0
592,6.348,-44.7,0.125,1393.0
593,6.348,-7.295,0.325,1141.0
594,6.364,2.374,0.255,1467.0
595,6.3632,27.1,0.08,4193.0
596,6.3631,15.733,0.14,4610.0
597,6.3677,-6.319,0.085,7881.0
598,6.3705,23.41,0.15,1536.0
599,6.3723,14.705,0.19,1619.0
600,6.382,5.1,0.215,2670.0
601,6.384,24.532,0.145,2473.0
602,6.3855,23.199,0.14,1522.0
603,6.3873,4.59,0.16,1775.0
604,6.3955,-4.695,0.145,2325.0
605,6.3975,14.1,0.135,2670.0
606,6.3975,14.515,0.085,1994.0
607,6.404,18.017,0.165,2981.0
608,6.4125,-10.265,0.15,1287.0
609,6.418,-23.31,0.14,1871.0
610,6.4215,-10.555,0.15,1918.0
611,6.424,14.575,0.14,1786.0
612,6.4231,13.867,0.155,5302.0
613,6.4215,19.78,0.145,3065.0
614,6.426,17.72,0.145,1296.0
615,6.4312,15.86,0.13,2991.0
616,6.4437,-9.64,0.15,3201.0
617,6.466,-4.795,0.38,330.0
618,6.4725,2.935,0.12,1710.0
619,6.4765,16.927,0.115,3161.0
620,6.479,-6.98,0.29,381.0
621,6.48,33.645,0.12,2443.0
622,6.4877,14.255,0.09,4783.0
623,6.489,16.759,0.16,6871.0
624,6.4887,9.165,0.11,2394.0
625,6.4928,-31.285,0.165,4446.0
626,6.4945,6.817,0.165,2654.0
627,6.505,3.39,0.16,1791.0
628,6.5085,2.845,0.11,1056.0
629,6.5072,9.741,0.085,2088.0
630,6.517,-4.215,0.115,7655.0
631,6.5139,-9.65,0.13,2069.0
632,6.518,9.91,0.17,635.0
633,6.5173,10.435,0.18,1871.0
634,6.521,11.083,0.155,1933.0
635,6.528,5.975,0.155,1259.0
636,6.5242,6.804,0.095,2290.0
637,6.531,11.845,0.145,1916.0
638,6.532,4.94,0.365,1532.0
639,6.543,12.543,0.135,2308.0
640,6.5555,35.265,0.14,1551.0
641,6.555,20.525,0.125,4724.0
642,6.5618,22.288,0.155,1786.0
643,6.5615,-5.08,0.165,1338.0
644,6.57,8.01,0.17,1432.0
645,6.5706,4.46,0.1,1174.0
646,6.569,-34.944,0.09,2180.0
647,6.575,-3.84,0.14,1952.0
648,6.575,5.37,0.22,900.0
649,6.5741,31.4,0.11,3300.0
650,6.5755,-5.245,0.15,2038.0
651,6.577,26.305,0.05,3001.0
652,6.577,8.37,0.18,1329.0
653,6.5772,-0.267,0.175,2032.0
654,6.586,17.742,0.135,2955.0
655,6.5915,-14.99,0.16,2817.0
656,6.5961,7.67,0.15,2928.0
657,6.6013,-0.667,0.125,1551.0
658,6.6045,4.0,0.1,1944.0
659,6.605,-30.865,0.155,1474.0
660,6.6075,-7.32,0.155,2201.0
661,6.609,-14.193,0.14,1204.0
662,6.6075,4.773,0.1,2025.0
663,6.605,8.33,0.095,1560.0
664,6.608,9.47,0.35,2753.0
665,6.617,3.07,0.195,1490.0
666,6.6195,-10.085,0.15,2864.0
667,6.6205,6.07,0.51,1581.0
668,6.63,-0.867,0.16,5527.0
669,6.6283,-2.819,0.16,1922.0
670,6.6422,10.875,0.18,3060.0
671,6.645,2.035,0.35,2362.0
672,6.6417,4.635,0.18,1447.0
673,6.6472,6.915,0.115,1191.0
674,6.661,1.14,0.14,2511.0
675,6.6662,1.533,0.15,1202.0
676,6.6665,13.265,0.075,4626.0
677,6.669,-27.29,0.12,1925.0
678,6.667,-28.77,0.17,1685.0
679,6.6685,-1.745,0.165,4040.0
680,6.6728,9.005,0.13,1775.0
681,6.6785,-17.16,0.15,3720.0
682,6.683,9.88,0.39,650.0
683,6.687,-16.495,0.14,11400.0
684,6.6836,-29.55,0.09,3161.0
685,6.6845,9.6,0.195,2647.0
686,6.6958,11.91,0.13,2892.0
687,6.701,-0.883,0.17,1298.0
688,6.7015,-29.445,0.14,1259.0
689,6.7105,0.1,0.21,1195.0
690,6.7175,1.675,0.11,2362.0
691,6.719,27.165,0.105,3744.0
692,6.7205,4.615,0.155,1585.0
693,6.7223,26.985,0.125,3311.0
694,6.726,2.175,0.075,2088.0
695,6.732,1.395,0.135,2753.0
696,6.7315,9.425,0.16,1306.0
697,6.733,3.47,0.2,1415.0
698,6.7455,1.735,0.14,1261.0
699,6.7455,-31.893,0.11,1833.0
700,6.7438,-0.56,0.085,6365.0
701,6.752,0.24,0.12,2800.0
702,6.7578,-11.79,0.07,7468.0
703,6.759,24.595,0.21,1989.0
704,6.7675,-20.745,0.44,769.0
705,6.7725,-10.985,0.13,2325.0
706,6.7765,1.797,0.115,2272.0
707,6.782,1.325,0.13,1893.0
708,6.784,-0.01,0.12,2398.0
709,6.786,1.965,0.12,2910.0
710,6.7922,0.03,0.12,2204.0
711,6.7942,-3.155,0.195,1964.0
712,6.805,41.08,0.405,500.0
713,6.816,-10.51,0.17,4591.0
714,6.814,0.38,0.1,2778.0
715,6.8165,-36.005,0.115,10815.0
716,6.8176,-23.985,0.095,6273.0
717,6.8365,5.755,0.085,2724.0
718,6.8405,7.25,0.16,981.0
719,6.839,-5.47,0.11,2220.0
720,6.8417,6.6,0.085,2095.0
721,6.8442,-42.383,0.11,2057.0
722,6.856,5.763,0.1,5042.0
723,6.863,0.465,0.26,805.0
724,6.8645,-7.08,0.17,1310.0
725,6.869,2.91,0.12,1964.0
726,6.869,3.655,0.165,1180.0
727,6.8725,2.19,0.11,3511.0
728,6.8747,-13.235,0.11,3361.0
729,6.8747,-23.658,0.13,3969.0
730,6.8873,-0.19,0.1,1429.0
731,6.884,16.93,0.11,10797.0
732,6.899,-4.39,0.24,1159.0
733,6.9015,-13.555,0.075,2304.0
734,6.905,-0.15,0.27,946.0
735,6.901,6.725,0.125,1905.0
736,6.9055,-1.69,0.21,826.0
737,6.907,-7.205,0.22,1249.0
738,6.9083,-13.658,0.105,1634.0
739,6.9095,-4.53,0.085,1791.0
740,6.9113,-26.795,0.18,2237.0
741,6.9095,-24.325,0.475,1096.0
742,6.92,17.98,0.15,3896.0
743,6.9206,-18.6,0.085,4712.0
744,6.921,29.73,0.18,1664.0
745,6.9272,-11.03,0.11,2290.0
746,6.93,0.222,0.095,3239.0
747,6.932,-13.28,0.08,5919.0
748,6.9347,-7.175,0.21,2384.0
749,6.9442,30.478,0.115,2695.0
750,6.9505,-6.215,0.15,814.0
751,6.953,-8.19,0.125,2173.0
752,6.9544,-6.637,0.13,1737.0
753,6.9597,8.298,0.11,6242.0
754,6.964,-13.22,0.125,4785.0
755,6.9633,3.217,0.13,4983.0
756,6.963,-4.61,0.235,2221.0
757,6.9652,-8.745,0.1,1296.0
758,6.9685,6.435,0.125,4996.0
759,6.971,0.884,0.15,1753.0
760,6.977,-4.335,0.26,2120.0
761,6.978,-9.165,0.1,1614.0
762,6.9789,-3.685,0.1,6091.0
763,6.9795,-4.93,0.135,1881.0
764,6.98,10.28,0.11,2436.0
765,6.988,-12.95,0.165,3150.0
766,6.988,-3.97,0.15,1943.0
767,6.989,-9.083,0.09,1706.0
768,6.9913,-13.662,0.125,1713.0
769,6.9935,-11.974,0.1,5374.0
770,6.9935,-4.667,0.06,3344.0
771,6.994,-4.86,0.075,2661.0
772,6.9955,-4.067,0.11,2839.0
773,7.003,-10.323,0.085,4933.0
774,7.0063,-5.83,0.17,1952.0
775,7.006,-0.235,0.11,7279.0
776,7.0083,-20.565,0.2,2642.0
777,7.0105,-8.84,0.155,2025.0
778,7.009,35.07,0.195,1155.0
779,7.0114,3.035,0.165,985.0
780,7.018,3.53,0.17,747.0
781,7.0227,-3.117,0.16,2830.0
782,7.0292,-13.56,0.115,2190.0
783,7.035,-26.56,0.325,767.0
784,7.0353,-21.917,0.125,3434.0
785,7.0417,-1.117,0.1,2610.0
786,7.0453,-8.37,0.46,902.0
787,7.0445,-11.435,0.11,6017.0
788,7.0475,-9.255,0.17,1905.0
789,7.051,-67.39,0.16,1076.0
790,7.0514,-20.815,0.09,6565.0
791,7.0625,-25.055,0.52,704.0
792,7.052,6.413,0.085,4338.0
793,7.058,-5.005,0.155,2151.0
794,7.068,-11.53,0.25,1570.0
795,7.0685,-6.13,0.11,1925.0
796,7.0665,-6.385,0.11,2972.0
797,7.0695,1.038,0.275,3842.0
798,7.066,-0.085,0.12,1923.0
799,7.0707,-19.744,0.145,7154.0
800,7.073,-12.005,0.185,1184.0
801,7.0769,-6.6,0.1,5664.0
802,7.0885,-12.325,0.15,1401.0
803,7.09,-10.68,0.14,2375.0
804,7.0972,-11.625,0.17,2821.0
805,7.0995,-28.41,0.14,1789.0
806,7.1015,-14.995,0.155,4458.0
807,7.1055,-30.16,0.145,1786.0
808,7.1035,7.4,0.11,2605.0
809,7.105,-12.57,0.135,1188.0
810,7.1077,-20.095,0.125,2345.0
811,7.111,-11.73,0.16,2360.0
812,7.114,-10.03,0.31,1411.0
813,7.114,-10.52,0.175,5410.0
814,7.1156,-10.72,0.095,1037.0
815,7.112,27.255,0.14,1946.0
816,7.1178,-13.82,0.17,2964.0
817,7.1195,-28.222,0.232,2221.0
818,7.1228,-20.795,0.1,1958.0
819,7.1228,-15.98,0.2,2255.0
820,7.123,-12.783,0.115,2436.0
821,7.125,-8.865,0.15,2276.0
822,7.1255,-13.33,0.18,1928.0
823,7.127,30.17,0.125,2413.0
824,7.13,-5.717,0.09,1671.0
825,7.1273,-14.15,0.115,1780.0
826,7.1335,-25.88,0.18,2276.0
827,7.133,-12.464,0.17,1297.0
828,7.135,-1.528,0.125,1544.0
829,7.1345,-10.6,0.205,1029.0
830,7.1375,-13.2,0.225,2605.0
831,7.1382,-12.89,0.14,1706.0
832,7.141,-15.365,0.2,1721.0
833,7.1425,-26.158,0.16,1791.0
834,7.1458,-9.427,0.11,2883.0
835,7.1525,-1.5,0.11,5805.0
836,7.1582,-16.92,0.22,1000.0
837,7.1656,2.733,0.12,5012.0
838,7.1719,-18.486,0.1,3360.0
839,7.177,6.08,0.205,477.0
840,7.173,-8.395,0.115,7241.0
841,7.18,-6.78,0.16,1864.0
842,7.178,-9.3,0.32,596.0
843,7.1785,-8.605,0.145,1819.0
844,7.186,-7.117,0.135,1031.0
845,7.1935,1.605,0.15,1952.0
846,7.2115,2.105,0.235,787.0
847,7.2147,-25.231,0.19,1847.0
848,7.2181,-24.029,0.14,3000.0
849,7.2226,-9.892,0.19,1634.0
850,7.224,3.148,0.175,1031.0
851,7.2255,-10.48,0.1,5841.0
852,7.224,-30.975,0.31,330.0
853,7.2357,-25.693,0.135,2865.0
854,7.2395,-5.66,0.145,3095.0
855,7.241,-34.305,0.14,1298.0
856,7.2417,-21.123,0.25,813.0
857,7.2418,-10.25,0.22,1180.0
858,7.247,-34.877,0.1,2173.0
859,7.2477,-31.36,0.09,4023.0
860,7.2615,-9.41,0.155,1000.0
861,7.2722,-13.178,0.145,5041.0
862,7.27,-46.617,0.44,311.0
863,7.2835,-17.155,0.3,739.0
864,7.2831,13.75,0.19,2128.0
865,7.284,-35.29,0.07,3027.0
866,7.2852,-13.982,0.21,1537.0
867,7.2865,-15.795,0.125,4186.0
868,7.295,-15.64,0.3,1560.0
869,7.299,-37.035,0.52,361.0
870,7.3005,-28.99,0.125,3066.0
871,7.2995,-22.667,0.17,2069.0
872,7.301,-24.5,0.16,1571.0
873,7.305,-44.67,0.115,4640.0
874,7.3073,-17.575,0.11,3369.0
875,7.312,-24.96,0.26,1375.0
876,7.3186,-22.02,0.13,3930.0
877,7.3255,-19.63,0.135,2362.0
878,7.333,-24.53,0.125,1935.0
879,7.3343,-13.15,0.135,3320.0
880,7.337,-21.865,0.19,1772.0
881,7.337,-27.771,0.112,3497.0
882,7.3385,-0.994,0.125,4815.0
883,7.3475,-0.844,0.14,2089.0
884,7.3475,-19.632,0.135,1023.0
885,7.3489,1.8,0.09,13719.0
886,7.3515,-10.335,0.125,4889.0
887,7.3545,-20.22,0.142,2928.0
888,7.3575,-3.233,0.155,4699.0
889,7.3631,-0.983,0.14,3211.0
890,7.3635,22.5,0.13,4755.0
891,7.3675,3.58,0.13,1775.0
892,7.377,-5.115,0.09,926.0
893,7.376,-18.7,0.15,1899.0
894,7.38,-59.199,0.175,1055.0
895,7.3822,-29.49,0.155,1893.0
896,7.386,-19.473,0.1,1701.0
897,7.402,-31.89,0.49,386.0
898,7.3862,-12.308,0.16,1197.0
899,7.3937,-53.947,0.205,1631.0
900,7.3938,-23.185,0.105,1263.0
901,7.395,5.366,0.132,4670.0
902,7.3989,-25.359,0.08,962.0
903,7.4,-13.27,0.22,1394.0
904,7.3995,-25.9,0.13,3654.0
905,7.4039,-24.633,0.1,2434.0
906,7.4092,-2.884,0.115,1964.0
907,7.412,-26.21,0.125,1499.0
908,7.4115,-20.94,0.125,1655.0
909,7.4117,-17.0,0.095,1797.0
910,7.415,-23.871,0.11,4192.0
911,7.419,-21.02,0.165,2074.0
912,7.4185,-2.9,0.095,1905.0
913,7.4305,-21.563,0.115,1797.0
914,7.435,-21.205,0.155,1607.0
915,7.4355,-15.093,0.21,2932.0
916,7.438,-18.445,0.205,2283.0
917,7.4367,-47.668,0.205,4487.0
918,7.4405,-24.19,0.155,2839.0
919,7.4428,-28.8,0.115,1871.0
920,7.449,-31.155,0.18,3894.0
921,7.45,-37.525,0.1,4317.0
922,7.45,-5.545,0.245,569.0
923,7.4516,13.584,0.14,1209.0
924,7.455,-23.96,0.18,1659.0
925,7.4608,-20.306,0.09,8570.0
926,7.4685,-11.74,0.2,545.0
927,7.4675,-21.79,0.19,4541.0
928,7.4728,-15.405,0.085,2879.0
929,7.474,-19.68,0.14,1409.0
930,7.4763,-15.365,0.135,4873.0
931,7.4785,-20.81,0.125,1905.0
932,7.4825,-18.315,0.102,1708.0
933,7.4883,-29.183,0.09,1609.0
934,7.4901,-13.972,0.09,3778.0
935,7.4895,-47.854,0.115,2290.0
936,7.4995,-19.1,0.11,4152.0
937,7.502,-18.535,0.125,2731.0
938,7.5013,11.885,0.21,2070.0
939,7.51,-23.383,0.14,3021.0
940,7.5108,-15.303,0.125,4141.0
941,7.518,-16.915,0.085,1775.0
942,7.5197,-15.428,0.115,1706.0
943,7.5198,-9.94,0.1,6812.0
944,7.527,-17.19,0.19,870.0
945,7.5295,-19.375,0.085,4389.0
946,7.532,-13.835,0.125,4500.0
947,7.532,-12.765,0.17,1706.0
948,7.5477,-13.745,0.105,2901.0
949,7.5545,-22.95,0.26,1609.0
950,7.551,-12.99,0.185,1341.0
951,7.5525,-15.455,0.14,2874.0
952,7.557,-28.19,0.11,2057.0
953,7.5577,-20.51,0.075,1836.0
954,7.561,-13.765,0.155,3113.0
955,7.5625,-19.811,0.105,1215.0
956,7.573,-26.325,0.155,2262.0
957,7.5753,-15.935,0.13,4336.0
958,7.5775,-19.8,0.11,1998.0
959,7.59,-15.092,0.1,4697.0
960,7.5905,-22.395,0.125,2362.0
961,7.5897,-27.705,0.1,5157.0
962,7.5923,-18.765,0.125,2549.0
963,7.5956,-19.779,0.1,974.0
964,7.604,-20.61,0.16,2178.0
965,7.611,-14.49,0.63,471.0
966,7.6131,-24.662,0.06,2706.0
967,7.613,-23.355,0.1,3585.0
968,7.6173,-20.525,0.11,2057.0
969,7.6175,-32.205,0.085,3978.0
970,7.6185,-13.85,0.45,824.0
971,7.6195,-26.385,0.075,6287.0
972,7.6195,-15.66,0.21,1456.0
973,7.6282,-26.507,0.235,576.0
974,7.626,-12.055,0.34,2473.0
975,7.6357,38.882,0.12,82535.0
976,7.6375,-14.88,0.16,4330.0
977,7.6397,21.567,0.305,2880.0
978,7.6413,-10.7,0.22,3963.0
979,7.6451,-33.835,0.115,13338.0
980,7.6555,-31.74,0.095,2597.0
981,7.6555,-16.518,0.125,1406.0
982,7.6611,-16.38,0.15,707.0
983,7.66,-30.935,0.155,4712.0
984,7.6615,-27.295,0.135,1400.0
985,7.6695,-33.54,0.085,2420.0
986,7.6695,-2.085,0.13,1824.0
987,7.6745,-30.043,0.325,714.0
988,7.68,-31.705,0.27,3834.0
989,7.6856,-30.72,0.13,1606.0
990,7.689,-38.52,1.3,188.0
991,7.688,-16.29,0.15,1490.0
992,7.6817,-19.085,0.16,1589.0
993,7.6883,-24.355,0.11,2312.0
994,7.692,-9.61,0.155,4332.0
995,7.697,-14.805,0.57,1375.0
996,7.7035,-29.23,0.09,4712.0
997,7.7069,-31.467,0.11,2134.0
998,7.7086,-1.037,0.165,1292.0
999,7.7165,-35.593,0.11,541.0
1000,7.7285,-11.03,0.17,1410.0
1001,7.7281,-8.02,0.165,1935.0
1002,7.74,-34.627,0.165,1245.0
1003,7.741,-37.67,0.41,489.0
1004,7.7428,-24.665,0.18,1040.0
1005,7.743,-23.86,0.5,1037.0
1006,7.7425,-5.16,0.155,2398.0
1007,7.747,-28.38,0.16,2134.0
1008,7.7555,-25.545,0.093,4417.0
1009,7.7588,-32.848,0.145,2237.0
1010,7.7605,-46.71,0.105,1031.0
1011,7.7658,-20.385,0.125,893.0
1012,7.764,-34.34,0.115,1579.0
1013,7.7655,-21.92,0.13,1558.0
1014,7.7702,-31.283,0.105,3858.0
1015,7.7745,-34.28,0.13,1508.0
1016,7.7805,-4.68,0.15,4836.0
1017,7.783,0.02,0.26,397.0
1018,7.7852,-32.973,0.095,1268.0
1019,7.7935,-27.193,0.08,2383.0
1020,7.7967,-34.036,0.105,1608.0
1021,7.7985,8.88,0.18,2669.0
1022,7.7995,-33.7,0.13,2173.0
1023,7.8065,-26.29,0.09,1821.0
1024,7.8075,-27.9,0.07,2839.0
1025,7.811,-25.953,0.09,4244.0
1026,7.8117,-26.983,0.105,2255.0
1027,7.8112,-14.7,0.09,2428.0
1028,7.8172,-21.292,0.14,1711.0
1029,7.8233,-42.685,0.14,1278.0
1030,7.831,-17.225,0.08,5250.0
1031,7.8325,-14.021,0.11,1833.0
1032,7.8392,-25.457,0.075,2654.0
1033,7.8414,-20.185,0.12,2928.0
1034,7.8417,-29.845,0.16,3858.0
1035,7.8445,-36.39,0.11,2234.0
1036,7.8525,-22.11,0.085,2121.0
1037,7.8603,-31.817,0.13,2899.0
1038,7.8672,9.557,0.085,2376.0
1039,7.8686,-28.117,0.15,5165.0
1040,7.869,-38.53,0.45,1450.0
1041,7.87,-60.34,0.2,816.0
1042,7.868,12.173,0.15,2398.0
1043,7.8704,-33.04,0.11,1436.0
1044,7.8718,-26.428,0.095,1313.0
1045,7.872,-22.447,0.085,2204.0
1046,7.8765,-26.432,0.06,4003.0
1047,7.8774,-26.38,0.075,2856.0
1048,7.879,-26.275,0.06,4611.0
1049,7.876,-52.995,0.21,792.0
1050,7.8845,-28.175,0.21,1005.0
1051,7.8835,1.72,0.15,3112.0
1052,7.8927,5.7,0.155,1659.0
1053,7.8945,-22.323,0.13,2088.0
1054,7.8967,-26.965,0.1,3246.0
1055,7.9085,-38.22,0.09,3629.0
1056,7.919,-17.73,0.24,1363.0
1057,7.9178,-25.372,0.1,2589.0
1058,7.9195,-24.275,0.21,1344.0
1059,7.928,-27.905,0.115,1649.0
1060,7.928,-25.88,0.1,2291.0
1061,7.9375,-30.367,0.115,2910.0
1062,7.9385,-30.066,0.125,2255.0
1063,7.9608,-25.935,0.115,1964.0
1064,7.9605,-59.32,0.135,4055.0
1065,7.9631,-9.15,0.14,2569.0
1066,7.9653,-31.509,0.12,3628.0
1067,7.9667,-29.283,0.125,4499.0
1068,7.966,-60.75,0.71,373.0
1069,7.9714,26.25,0.07,22063.0
1070,7.9724,-34.772,0.07,10380.0
1071,7.9755,-66.63,0.135,2754.0
1072,7.9769,8.056,0.195,2362.0
1073,7.9815,-28.585,0.16,4666.0
1074,7.9817,7.95,0.11,2376.0
1075,7.9878,-27.583,0.13,1905.0
1076,7.988,-28.87,0.155,970.0
1077,7.9886,-22.69,0.145,1865.0
1078,7.991,-30.725,0.1,1649.0
1079,7.9917,-16.305,0.1,1888.0
1080,7.9958,-36.19,0.16,1884.0
1081,8.0,-10.76,0.27,3526.0
1082,8.0055,1.26,0.21,1508.0
1083,8.0063,-30.305,0.09,5326.0
1084,8.0045,-40.898,0.13,1951.0
1085,8.013,-19.05,0.185,1711.0
1086,8.0185,-27.213,0.105,2436.0
1087,8.0219,-40.675,0.19,1562.0
1088,8.0265,-34.46,0.11,1743.0
1089,8.032,-50.58,0.24,553.0
1090,8.0283,-41.583,0.125,5118.0
1091,8.0285,-30.71,0.12,4167.0
1092,8.029,-44.423,0.085,3160.0
1093,8.0365,-19.465,0.095,1467.0
1094,8.039,-31.07,0.195,2892.0
1095,8.04,-29.767,0.08,2273.0
1096,8.0465,-32.05,0.06,3033.0
1097,8.0537,-26.77,0.075,1748.0
1098,8.0585,-30.86,0.1,1834.0
1099,8.0598,-30.66,0.095,2534.0
1100,8.0595,-31.415,0.13,2860.0
1101,8.0693,-41.218,0.125,2434.0
1102,8.085,-28.17,0.34,642.0
1103,8.0845,-31.817,0.085,2311.0
1104,8.087,-31.97,0.13,1609.0
1105,8.1175,-30.835,0.29,871.0
1106,8.1185,-29.88,0.14,2955.0
1107,8.1179,-32.352,0.08,3259.0
1108,8.1193,-36.073,0.09,3254.0
1109,8.1375,-36.59,0.075,3022.0
1110,8.1652,-49.205,0.3,361.0
1111,8.1764,-34.6,0.11,2391.0
1112,8.178,-12.84,0.44,1232.0
1113,8.1795,-23.305,0.13,1941.0
1114,8.181,-50.985,0.1,2434.0
1115,8.1787,-26.94,0.17,1523.0
1116,8.1847,-39.965,0.11,3112.0
1117,8.1895,-31.945,0.085,5243.0
1118,8.1925,-51.02,0.09,2549.0
1119,8.195,-32.255,0.15,2361.0
1120,8.1975,-37.61,0.565,935.0
1121,8.2001,-29.0,0.095,3835.0
1122,8.204,-22.345,0.1,3558.0
1123,8.2075,-27.89,0.165,2796.0
1124,8.2095,-32.605,0.13,3640.0
1125,8.211,-40.485,0.305,429.0
1126,8.2161,-41.875,0.075,5838.0
1127,8.229,-5.77,0.72,789.0
1128,8.233,-36.334,0.32,414.0
1129,8.247,-31.945,0.13,2340.0
1130,8.253,-26.97,0.1,1764.0
1131,8.252,-4.075,0.155,1609.0
1132,8.2615,-30.829,0.115,2589.0
1133,8.2605,-35.64,0.1,3001.0
1134,8.266,-21.435,0.075,1935.0
1135,8.273,-48.47,0.19,899.0
1136,8.2825,-35.866,0.34,1768.0
1137,8.2994,-41.67,0.225,2754.0
1138,8.305,-37.1,0.075,5903.0
1139,8.3095,-30.65,0.17,1678.0
1140,8.3165,-47.8,0.115,7746.0
1141,8.3157,-29.735,0.19,1339.0
1142,8.3194,-35.65,0.1,1194.0
1143,8.3214,-45.208,0.085,1146.0
1144,8.3225,-34.495,0.1,4004.0
1145,8.326,-45.35,0.1,2720.0
1146,8.3455,-36.197,0.09,1221.0
1147,8.3585,-30.295,0.125,5067.0
1148,8.369,-36.405,0.14,1634.0
1149,8.382,-17.545,0.125,1711.0
1150,8.387,-32.97,0.14,2421.0
1151,8.389,-36.33,0.13,1477.0
1152,8.3905,-29.493,0.17,2701.0
1153,8.4034,-29.17,0.1,2187.0
1154,8.408,-41.305,0.115,2170.0
1155,8.4072,-47.2,0.12,5739.0
1156,8.4086,-39.905,0.13,1258.0
1157,8.4205,-34.159,0.07,6006.0
1158,8.424,-39.64,0.08,6020.0
1159,8.4462,-41.238,0.075,1963.0
1160,8.4522,-34.7,0.07,7617.0
1161,8.4682,-41.77,0.105,3112.0
1162,8.4728,-40.083,0.09,2397.0
1163,8.4922,-61.1,0.085,1481.0
1164,8.497,-19.12,0.16,2311.0
1165,8.52,-44.505,0.15,950.0
1166,8.521,-38.658,0.205,1418.0
1167,8.5272,-41.787,0.105,4269.0
1168,8.5298,-39.055,0.28,780.0
1169,8.5311,-36.197,0.11,2695.0
1170,8.5416,-41.995,0.07,3112.0
1171,8.5435,-19.683,0.12,2160.0
1172,8.544,-48.295,0.12,4829.0
1173,8.573,-43.86,0.2,912.0
1174,8.5775,-37.63,0.17,550.0
1175,8.578,-44.495,0.15,575.0
1176,8.591,-40.63,0.085,4350.0
1177,8.5965,-43.618,0.12,5202.0
1178,8.617,-40.385,0.115,2068.0
1179,8.617,-50.04,0.115,3330.0
1180,8.6175,-42.365,0.115,4178.0
1181,8.6213,-44.131,0.115,2644.0
1182,8.622,-29.945,0.165,2712.0
1183,8.618,-40.185,0.45,619.0
1184,8.6277,-39.58,0.135,702.0
1185,8.6273,-46.017,0.09,3371.0
1186,8.638,-42.35,0.117,3208.0
1187,8.6406,-34.775,0.145,3789.0
1188,8.651,-46.235,0.18,1668.0
1189,8.6515,-7.54,0.19,2839.0
1190,8.6545,-44.07,0.155,786.0
1191,8.6575,-47.357,0.165,1864.0
1192,8.658,-47.1,0.125,1659.0
1193,8.673,-44.725,0.12,3473.0
1194,8.673,19.69,3.1,187.0
1195,8.673,-46.133,0.07,2256.0
1196,8.671,-53.028,0.775,165.0
1197,8.6745,-38.055,0.125,3552.0
1198,8.6807,-25.375,0.173,2330.0
1199,8.6867,-38.707,0.155,4783.0
1200,8.6943,-46.267,0.115,1363.0
1201,8.696,-43.395,0.17,1342.0
1202,8.698,-79.045,0.42,112.0
1203,8.704,-40.733,0.07,4839.0
1204,8.71,-48.133,0.23,701.0
1205,8.7095,-44.985,0.12,1713.0
1206,8.711,-47.197,0.115,2817.0
1207,8.7165,-27.865,0.12,1831.0
1208,8.7155,-35.785,0.115,1811.0
1209,8.725,-32.665,0.23,3123.0
1210,8.7253,-31.716,0.075,3801.0
1211,8.7286,-37.7,0.075,3010.0
1212,8.7309,-40.225,0.12,1401.0
1213,8.736,-39.365,0.125,3308.0
1214,8.7432,-35.885,0.14,2181.0
1215,8.7413,-47.57,0.11,2010.0
1216,8.7448,-46.285,0.09,3886.0
1217,8.746,-45.98,0.19,6059.0
1218,8.7475,-41.233,0.22,881.0
1219,8.7505,-31.625,0.18,1393.0
1220,8.7595,-48.82,0.11,1294.0
1221,8.758,-45.402,0.17,1367.0
1222,8.7702,-41.867,0.185,1309.0
1223,8.7715,-47.685,0.115,1211.0
1224,8.7745,-52.94,0.275,1057.0
1225,8.7775,-43.884,0.065,2479.0
1226,8.7895,12.6,0.19,1659.0
1227,8.787,-52.065,0.125,3413.0
1228,8.7915,-42.4,0.39,417.0
1229,8.7943,-43.999,0.14,1249.0
1230,8.7975,-38.0,0.27,629.0
1231,8.8,-47.03,0.125,1876.0
1232,8.8075,-11.21,0.18,1298.0
1233,8.8225,-46.878,0.155,1300.0
1234,8.8281,-44.367,0.115,1239.0
1235,8.8395,-41.72,0.25,846.0
1236,8.844,-43.832,0.1,1829.0
1237,8.852,-48.477,0.085,2187.0
1238,8.8565,11.815,1.03,890.0
1239,8.86,-50.245,0.155,4269.0
1240,8.8645,-44.253,0.11,6737.0
1241,8.8675,-37.61,0.1,2242.0
1242,8.874,-37.555,0.125,2720.0
1243,8.8822,-44.185,0.1,1904.0
1244,8.8833,-35.467,0.095,2839.0
1245,8.8885,-47.92,0.115,2070.0
1246,8.8893,-14.785,0.18,5168.0
1247,8.9365,-39.51,0.14,3642.0
1248,8.937,-23.435,0.14,3047.0
1249,8.9515,-43.765,0.23,1296.0
1250,8.952,-43.285,0.125,737.0
1251,8.966,-47.695,0.18,1394.0
1252,8.9682,-42.6,0.085,1268.0
1253,8.9735,-46.303,0.115,1379.0
1254,9.0022,-52.711,0.11,1976.0
1255,9.009,-48.99,0.14,1458.0
1256,9.0194,-50.917,0.075,1621.0
1257,9.0439,-43.636,0.085,8835.0
1258,9.0467,-43.96,0.085,1186.0
1259,9.053,-47.817,0.065,1736.0
1260,9.0769,-41.126,0.105,1649.0
1261,9.0792,-46.035,0.115,1808.0
1262,9.09,-55.938,0.16,656.0
1263,9.096,-37.875,0.195,2889.0
1264,9.096,-26.34,0.12,2076.0
1265,9.1275,-47.825,0.17,1285.0
1266,9.125,-59.16,1.5,141.0
1267,9.1656,-25.48,0.11,1513.0
1268,9.17,-56.262,0.07,2398.0
1269,9.175,-53.89,0.143,978.0
1270,9.1885,-47.06,0.145,1063.0
1271,9.1965,-48.07,0.125,1005.0
1272,9.2009,-64.863,0.26,9612.0
1273,9.2028,-32.76,0.14,3508.0
1274,9.228,-77.425,0.15,1000.0
1275,9.197,-43.53,2.1,200.0
1276,9.2445,-49.745,0.1,1079.0
1277,9.2527,-47.465,0.12,1678.0
1278,9.2615,-29.675,0.11,2795.0
1279,9.2647,-50.01,0.077,4767.0
1280,9.27,-36.615,0.27,2054.0
1281,9.28,-47.945,0.13,748.0
1282,9.2789,-50.283,0.075,2153.0
1283,9.3015,-69.69,0.45,496.0
1284,9.3231,-40.517,0.085,4800.0
1285,9.3252,-38.132,0.115,1870.0
1286,9.3333,-45.11,0.115,2221.0
1287,9.3405,-60.395,0.1,6347.0
1288,9.3425,-52.827,0.08,6501.0
1289,9.3442,-49.217,0.105,4131.0
1290,9.3492,-77.282,0.1,8104.0
1291,9.35,-37.117,0.075,3074.0
1292,9.363,-45.76,0.115,2220.0
1293,9.3653,-56.317,0.085,4405.0
1294,9.3686,-51.1,0.1,2600.0
1295,9.3675,-51.966,0.1,1187.0
1296,9.403,-47.34,0.115,1966.0
1297,9.4045,-51.66,0.12,1332.0
1298,9.41,-44.67,0.11,3360.0
1299,9.4069,-53.136,0.06,1864.0
1300,9.4225,-54.725,0.08,5664.0
1301,9.428,-53.225,0.065,2792.0
1302,9.4455,-51.273,0.135,6501.0
1303,9.453,-55.123,0.14,4089.0
1304,9.461,-57.0,0.225,1138.0
1305,9.4665,-54.25,0.14,2200.0
1306,9.4795,-76.085,0.15,1561.0
1307,9.477,-46.6,0.09,2663.0
1308,9.484,-53.71,0.125,1706.0
1309,9.4975,-33.835,0.16,3860.0
1310,9.4964,-50.682,0.1,1847.0
1311,9.498,-52.78,0.1,1775.0
1312,9.508,-52.925,0.125,1882.0
1313,9.5165,-56.43,0.14,1380.0
1314,9.523,-53.035,0.09,2032.0
1315,9.531,-50.215,0.105,2269.0
1316,9.5395,-35.98,0.115,2210.0
1317,9.5545,-36.41,0.9,400.0
1318,9.5475,-28.848,0.26,1753.0
1319,9.5524,-53.371,0.27,774.0
1320,9.5544,-51.195,0.115,1211.0
1321,9.5598,-52.375,0.1,4635.0
1322,9.5655,-56.248,0.105,1445.0
1323,9.5792,-48.03,0.15,2558.0
1324,9.5786,-54.7,0.118,5984.0
1325,9.5855,-36.563,0.16,2343.0
1326,9.5911,-46.81,0.14,2919.0
1327,9.6317,-53.953,0.067,1380.0
1328,9.631,-31.615,0.17,3860.0
1329,9.636,-59.46,0.265,1786.0
1330,9.648,-52.935,0.125,3010.0
1331,9.6705,-50.325,0.11,1778.0
1332,9.6758,-50.58,0.095,1594.0
1333,9.682,-53.85,0.155,1991.0
1334,9.701,-44.02,0.11,2183.0
1335,9.7165,-52.117,0.09,2290.0
1336,9.727,-50.783,0.09,5246.0
1337,9.73,-56.565,0.052,9763.0
1338,9.7355,-53.325,0.17,10270.0
1339,9.7465,-54.435,0.18,1751.0
1340,9.7533,-44.1,0.115,3009.0
1341,9.7625,-53.968,0.085,2228.0
1342,9.7811,-64.632,0.11,3575.0
1343,9.7935,-37.055,0.115,1470.0
1344,9.8003,-55.067,0.1,2209.0
1345,9.8085,-56.425,0.125,1020.0
1346,9.81,-55.79,0.14,1685.0
1347,9.819,-65.24,0.18,1546.0
1348,9.822,-54.612,0.09,6020.0
1349,9.821,-62.67,0.14,1268.0
1350,9.843,-72.762,0.14,1537.0
1351,9.8543,-53.173,0.075,1949.0
1352,9.86,-56.31,0.075,1819.0
1353,9.9,-57.077,0.275,970.0
1354,9.912,-50.925,0.16,1464.0
1355,9.9095,-42.235,0.2,2662.0
1356,9.922,-56.615,0.14,1499.0
1357,9.9245,-28.965,0.205,2255.0
1358,9.939,-47.03,0.11,2187.0
1359,9.94,-50.27,0.115,4936.0
1360,9.944,-29.445,0.1,2255.0
1361,9.95,-54.818,0.105,6643.0
1362,9.9645,-54.625,0.095,1772.0
1363,9.9795,-30.908,0.1,3603.0
1364,9.9803,-67.739,0.11,1513.0
1365,9.989,-43.908,0.155,4104.0
1366,9.992,-54.51,0.1,1819.0
1367,9.99,-57.07,0.077,2817.0
1368,9.9985,-46.985,0.13,2234.0
1369,10.0,-57.555,0.12,2541.0
1370,10.012,-54.78,0.12,10301.0
1371,10.0225,-58.215,0.095,1282.0
1372,10.022,-57.705,0.06,1358.0
1373,10.028,-55.015,0.1,1286.0
1374,10.029,-59.455,0.085,7173.0
1375,10.031,-49.585,0.12,2795.0
1376,10.032,-60.11,0.345,944.0
1377,10.0535,-58.125,0.13,3973.0
1378,10.0535,-64.795,0.085,5168.0
1379,10.065,-32.05,0.07,1182.0
1380,10.065,-59.295,0.085,1940.0
1381,10.076,-55.41,0.12,1671.0
1382,10.0767,-55.857,0.077,1863.0
1383,10.0817,-61.6,0.12,3884.0
1384,10.0872,-55.805,0.093,786.0
1385,10.093,-35.365,0.115,1759.0
1386,10.0965,-36.91,0.155,1703.0
1387,10.109,-60.3,0.16,1435.0
1388,10.1045,-51.595,0.12,5823.0
1389,10.1089,-57.414,0.085,3258.0
1390,10.11,-60.5,0.11,1412.0
1391,10.1177,-31.995,0.17,2154.0
1392,10.129,-36.493,0.195,1606.0
1393,10.1335,-59.195,0.1,1602.0
1394,10.1385,-64.38,0.32,797.0
1395,10.153,-61.26,0.24,976.0
1396,10.1495,-57.285,0.095,4153.0
1397,10.159,-28.358,0.155,1819.0
1398,10.182,-66.7,0.215,1483.0
1399,10.184,-56.587,0.115,2628.0
1400,10.203,-58.06,0.105,1928.0
1401,10.2278,-59.021,0.07,1634.0
1402,10.2326,-29.168,0.155,1370.0
1403,10.2465,-64.59,0.075,9548.0
1404,10.2505,-54.97,0.31,564.0
1405,10.258,-50.71,0.08,5254.0
1406,10.2605,-60.31,0.075,1669.0
1407,10.2705,-34.36,0.145,2340.0
1408,10.283,-58.695,0.15,749.0
1409,10.2936,-46.412,0.24,4904.0
1410,10.3164,-56.17,0.085,2710.0
1411,10.3133,-63.137,0.13,1876.0
1412,10.3187,-56.423,0.12,1282.0
1413,10.3195,-58.045,0.06,3492.0
1414,10.341,-57.675,0.33,509.0
1415,10.357,-51.73,0.18,573.0
1416,10.3575,-54.445,0.085,5877.0
1417,10.361,-69.348,0.1,1983.0
1418,10.3783,-59.495,0.09,2025.0
1419,10.3865,-54.84,0.125,1184.0
1420,10.3945,-69.825,0.12,3494.0
1421,10.3967,-60.133,0.16,2070.0
1422,10.399,-57.76,0.075,4469.0
1423,10.413,-69.07,0.14,1871.0
1424,10.431,-57.915,0.14,1465.0
1425,10.4443,-60.682,0.14,3162.0
1426,10.46,-57.64,0.165,2221.0
1427,10.4815,-58.805,0.3,619.0
1428,10.4738,-58.135,0.155,750.0
1429,10.464,-60.7,0.18,1415.0
1430,10.4855,-60.745,0.085,4583.0
1431,10.488,-60.983,0.105,4078.0
1432,10.4885,-56.78,0.185,626.0
1433,10.491,-57.425,0.058,2565.0
1434,10.5045,-54.04,0.14,570.0
1435,10.5095,-59.855,0.115,1376.0
1436,10.5155,-53.865,0.1,3084.0
1437,10.5247,-58.034,0.1,6057.0
1438,10.5265,-55.15,0.11,4569.0
1439,10.529,-58.25,0.14,2682.0
1440,10.539,-56.695,0.145,2430.0
1441,10.5455,-61.62,0.1,3438.0
1442,10.5505,-59.615,0.06,3189.0
1443,10.5525,-58.482,0.17,1122.0
1444,10.578,-58.13,0.1,3015.0
1445,10.595,-60.13,0.17,940.0
1446,10.597,-58.23,0.135,2441.0
1447,10.5989,-58.733,0.115,1330.0
1448,10.6025,-61.837,0.125,1876.0
1449,10.6155,-58.75,0.085,1789.0
1450,10.622,-58.635,0.15,2361.0
1451,10.631,-59.125,0.34,517.0
1452,10.646,-54.115,0.145,1250.0
1453,10.649,-69.035,0.14,2695.0
1454,10.666,-43.124,0.19,2473.0
1455,10.6665,-59.19,0.1,4430.0
1456,10.6903,-55.3,0.11,7075.0
1457,10.7045,-65.095,0.23,1999.0
1458,10.696,-64.4,1.48,151.0
1459,10.7075,-59.115,0.18,2017.0
1460,10.7086,-63.157,0.09,5308.0
1461,10.722,-61.17,0.35,384.0
1462,10.7322,-60.087,0.28,2358.0
1463,10.732,-59.555,0.13,2248.0
1464,10.7442,-59.36,0.16,2120.0
1465,10.754,-59.72,0.11,2671.0
1466,10.7695,-56.84,0.15,1702.0
1467,10.7875,-60.083,0.195,2261.0
1468,10.794,-57.47,0.135,1095.0
1469,10.8005,-29.395,0.11,2409.0
1470,10.841,-56.42,0.265,819.0
1471,10.851,-60.085,0.165,2322.0
1472,10.8715,-45.125,0.205,2001.0
1473,10.8772,-54.265,0.125,3137.0
1474,10.8819,-59.46,0.085,2918.0
1475,10.8805,-62.305,0.135,3019.0
1476,10.892,-61.7,0.155,2211.0
1477,10.8945,-58.245,0.16,973.0
1478,10.9039,-61.733,0.052,4372.0
1479,10.932,-60.415,0.15,2686.0
1480,10.941,-59.223,0.11,2194.0
1481,10.9422,-63.017,0.09,2577.0
1482,10.956,-61.12,0.2,823.0
1483,10.956,-61.725,0.145,2485.0
1484,10.9735,-59.053,0.07,1751.0
1485,10.9836,-59.483,0.075,3600.0
1486,10.9903,-59.535,0.075,6702.0
1487,10.9935,-60.34,0.18,1359.0
1488,11.0155,-45.34,0.15,3162.0
1489,11.017,-60.23,0.045,5801.0
1490,11.018,-59.875,0.17,2255.0
1491,11.051,-60.915,0.19,1700.0
1492,11.07,-61.37,0.135,1619.0
1493,11.0815,-67.943,0.09,3019.0
1494,11.0925,-61.255,0.06,4129.0
1495,11.0936,-62.485,0.055,3740.0
1496,11.099,-61.12,0.18,1939.0
1497,11.097,-58.73,0.425,454.0
1498,11.1053,-61.243,0.07,5594.0
1499,11.112,-59.82,0.2,1414.0
1500,11.121,-61.46,0.085,1879.0
1501,11.1353,-26.717,0.18,1338.0
1502,11.06,-77.34,0.36,380.0
1503,11.146,-60.705,0.1,4231.0
1504,11.1535,-65.06,0.13,2241.0
1505,11.152,-63.83,0.18,2634.0
1506,11.153,-53.5,0.105,3708.0
1507,11.162,-60.57,0.105,765.0
1508,11.1635,-59.1,0.06,5246.0
1509,11.1735,-60.25,0.12,1997.0
1510,11.1755,-59.033,0.125,1697.0
1511,11.179,-60.385,0.11,1920.0
1512,11.183,-61.125,0.22,1934.0
1513,11.189,-61.29,0.1,2187.0
1514,11.193,-60.665,0.16,1422.0
1515,11.1935,-60.39,0.09,2554.0
1516,11.203,-21.34,0.25,1268.0
1517,11.204,-60.765,0.08,1664.0
1518,11.2172,-60.775,0.165,1660.0
1519,11.2165,-58.88,0.145,1577.0
1520,11.226,-55.44,0.2,1032.0
1521,11.2307,-64.477,0.125,4465.0
1522,11.2375,-57.535,0.215,1968.0
1523,11.2475,-44.33,0.165,2662.0
1524,11.2565,-61.25,0.085,7158.0
1525,11.2717,-60.245,0.085,2208.0
1526,11.274,-61.485,0.055,7511.0
1527,11.291,-62.74,0.195,1224.0
1528,11.3095,-53.79,0.16,3280.0
1529,11.3281,-65.217,0.07,13797.0
1530,11.328,-63.475,0.16,2202.0
1531,11.3395,-56.817,0.095,3336.0
1532,11.3525,-58.215,0.107,1791.0
1533,11.3665,-52.255,0.165,3001.0
1534,11.378,-62.32,0.14,2863.0
1535,11.375,-58.53,0.115,1221.0
1536,11.385,-75.015,0.11,3575.0
1537,11.4095,-58.95,0.125,5254.0
1538,11.427,-43.235,0.19,946.0
1539,11.464,-68.735,0.14,1825.0
1540,11.4625,-58.51,0.1,2511.0
1541,11.4812,-63.105,0.07,1777.0
1542,11.509,-63.48,0.23,2932.0
1543,11.514,-60.75,0.15,1297.0
1544,11.515,-58.48,0.11,1208.0
1545,11.5277,-57.623,0.12,1639.0
1546,11.539,-60.705,0.18,1513.0
1547,11.55,-77.825,0.15,1561.0
1548,11.5635,-63.285,0.07,2273.0
1549,11.6035,-62.95,0.2,2098.0
1550,11.605,-61.615,0.23,1685.0
1551,11.616,-62.723,0.115,1538.0
1552,11.635,-63.338,0.165,2937.0
1553,11.6535,-63.51,0.17,2796.0
1554,11.691,-61.01,0.22,1500.0
1555,11.693,-62.425,0.105,1687.0
1556,11.704,-62.51,0.125,1380.0
1557,11.7275,-61.155,0.08,1634.0
1558,11.73,-62.52,0.17,2454.0
1559,11.7345,-45.925,0.17,2020.0
1560,11.7365,-61.058,0.1,1560.0
1561,11.743,-67.085,0.165,2879.0
1562,11.745,-45.66,0.18,1389.0
1563,11.7583,-62.433,0.115,2569.0
1564,11.7658,-65.555,0.077,4494.0
1565,11.7835,-62.65,0.14,4416.0
1566,11.809,-62.285,0.08,1274.0
1567,11.8215,-62.225,0.1,2382.0
1568,11.835,-48.21,0.17,1792.0
1569,11.836,-64.87,0.05,4532.0
1570,11.844,-55.67,0.17,1884.0
1571,11.8465,-62.15,0.125,1251.0
1572,11.864,-61.27,0.235,1634.0
1573,11.8915,-62.605,0.11,1920.0
1574,11.927,-58.39,0.14,1305.0
1575,11.9565,-62.71,0.09,1537.0
1576,11.981,-64.588,0.28,610.0
1577,12.02,-78.335,0.95,117.0
1578,12.021,-63.215,0.15,1210.0
1579,12.028,-64.1,0.1,2795.0
1580,12.0475,-60.92,0.3,920.0
1581,12.058,-63.86,0.21,719.0
1582,12.096,-62.617,0.155,2589.0
1583,12.105,-69.78,0.275,774.0
1584,12.111,-61.25,0.21,1659.0
1585,12.131,-59.3,0.19,1198.0
1586,12.1275,-65.185,0.105,4430.0
1587,12.1325,-60.69,0.185,703.0
1588,12.1487,-63.27,0.08,4564.0
1589,12.1595,-63.005,0.19,2856.0
1590,12.1684,18.543,0.06,19305.0
1591,12.172,-59.52,0.2,800.0
1592,12.226,-62.73,0.16,1609.0
1593,12.231,-56.785,0.125,3330.0
1594,12.2335,-63.59,0.045,5179.0
1595,12.247,-64.4,0.28,2652.0
1596,12.2575,-62.91,0.05,6976.0
1597,12.282,-58.417,0.115,1298.0
1598,12.289,-55.12,0.135,2630.0
1599,12.335,-81.51,0.2,2671.0
1600,12.3447,-64.775,0.245,826.0
1601,12.346,-67.53,0.235,1209.0
1602,12.354,-57.185,0.14,7354.0
1603,12.3645,-51.47,0.165,3414.0
1604,12.399,26.3,4.225,87.0
1605,12.3845,-59.665,0.205,1509.0
1606,12.4,-58.117,0.185,2874.0
1607,12.404,-61.87,0.205,2155.0
1608,12.4045,-56.165,0.125,4640.0
1609,12.412,-68.485,0.16,1239.0
1610,12.417,-60.445,0.115,2702.0
1611,12.4293,-72.659,0.33,5807.0
1612,12.436,-63.4,0.09,4430.0
1613,12.4385,-61.8,0.32,1423.0
1614,12.45,-64.067,0.18,1859.0
1615,12.454,-60.775,0.195,1278.0
1616,12.4645,-48.475,0.115,4467.0
1617,12.4745,-60.11,0.125,1659.0
1618,12.474,-56.43,0.09,2082.0
1619,12.479,-59.81,0.085,1036.0
1620,12.4765,-60.925,0.1,1250.0
1621,12.4755,-66.56,0.171,1828.0
1622,12.4885,-63.43,0.13,1963.0
1623,12.4935,-57.865,0.145,2255.0
1624,12.499,-64.79,0.14,1115.0
1625,12.5315,-46.477,0.17,1965.0
1626,12.5515,-60.93,0.18,1229.0
1627,12.568,-29.4,0.28,1585.0
1628,12.565,-61.575,0.195,1250.0
1629,12.583,-61.654,0.045,5417.0
1630,12.582,-80.95,0.17,3597.0
1631,12.601,-61.855,0.07,4569.0
1632,12.6022,-66.942,0.135,6915.0
1633,12.606,-67.25,0.245,650.0
1634,12.6265,-57.26,0.125,2304.0
1635,12.635,-68.367,0.235,2683.0
1636,12.633,-63.26,0.125,6017.0
1637,12.6445,-51.15,0.075,21213.0
1638,12.6565,-57.38,0.145,1015.0
1639,12.6578,-26.744,0.195,10296.0
1640,12.6625,-60.635,0.33,3311.0
1641,12.68,-58.41,0.195,2269.0
1642,12.705,-62.99,0.155,1308.0
1643,12.7265,-63.098,0.075,3078.0
1644,12.762,-81.258,0.18,1456.0
1645,12.787,-60.69,0.215,731.0
1646,12.812,-62.135,0.135,2368.0
1647,12.813,-63.728,0.085,1489.0
1648,12.8397,-61.582,0.07,2132.0
1649,12.855,-69.73,0.14,3047.0
1650,12.8845,-60.735,0.25,1527.0
1651,12.888,-67.17,0.11,5229.0
1652,12.894,-60.375,0.225,1971.0
1653,12.9075,-43.68,0.17,6310.0
1654,12.9158,-43.503,0.165,6271.0
1655,12.967,-64.96,0.105,2990.0
1656,12.9928,-70.877,0.205,6595.0
1657,13.003,-59.59,0.155,1106.0
1658,13.0185,-71.395,0.12,7702.0
1659,13.078,-64.545,0.11,1934.0
1660,13.1545,-77.135,0.195,7943.0
1661,13.1875,30.525,0.455,1015.0
1662,13.1888,-62.755,0.06,3360.0
1663,13.1942,-62.553,0.06,3298.0
1664,13.1985,-77.45,0.155,6213.0
1665,13.2,-65.3,0.16,1340.0
1666,13.2085,-62.708,0.05,1873.0
1667,13.215,-62.667,0.065,2231.0
1668,13.2153,18.168,0.25,17892.0
1669,13.2333,-62.402,0.11,2927.0
1670,13.242,-63.42,0.315,1662.0
1671,13.2545,-65.92,0.06,7241.0
1672,13.268,-60.065,0.17,860.0
1673,13.2745,-54.2,0.12,4784.0
1674,13.2742,17.7,0.15,17399.0
1675,13.3045,-67.075,0.115,1811.0
1676,13.3075,-62.665,0.065,2024.0
1677,13.313,-62.51,0.185,1630.0
1678,13.327,-56.18,0.125,7086.0
1679,13.3294,-64.95,0.075,1454.0
1680,13.3297,-56.351,0.14,1050.0
1681,13.352,-61.925,0.17,1278.0
1682,13.3636,-53.238,0.15,1213.0
1683,13.38,-73.575,0.13,3211.0
1684,13.3975,-66.16,0.21,1870.0
1685,13.3943,-63.638,0.1,1461.0
1686,13.391,-41.88,0.1,2818.0
1687,13.404,-59.81,0.22,2642.0
1688,13.4105,-62.495,0.18,703.0
1689,13.4255,-58.985,0.157,3602.0
1690,13.4465,-47.48,0.825,5199.0
1691,13.453,-59.03,0.14,1819.0
1692,13.4645,-62.33,0.155,2226.0
1693,13.488,-61.212,0.125,2059.0
1694,13.486,-71.265,0.11,3477.0
1695,13.498,-63.455,0.165,1404.0
1696,13.502,-64.2,0.11,2588.0
1697,13.5005,-58.73,0.115,5409.0
1698,13.5055,-61.335,0.205,2095.0
1699,13.518,-60.94,0.12,1727.0
1700,13.537,-62.8,0.16,1270.0
1701,13.537,-58.465,0.17,935.0
1702,13.5475,-60.455,0.075,1791.0
1703,13.564,-63.04,0.12,3258.0
1704,13.5715,-59.295,0.28,709.0
1705,13.573,-64.55,0.225,1797.0
1706,13.577,-62.417,0.12,1078.0
1707,13.5755,-60.213,0.125,1952.0
1708,13.5942,-68.113,0.155,4103.0
1709,13.597,-58.81,0.18,550.0
1710,13.609,-62.19,0.1,1093.0
1711,13.6155,-62.065,0.15,2309.0
1712,13.6315,-63.32,0.1,1537.0
1713,13.6336,-62.485,0.16,1764.0
1714,13.6335,-43.18,0.155,3020.0
1715,13.6614,-64.32,0.12,1423.0
1716,13.671,-61.73,0.065,3572.0
1717,13.6847,-60.197,0.095,1513.0
1718,13.689,-66.637,0.105,5087.0
1719,13.686,-59.225,1.0,246.0
1720,13.7015,-67.7,0.095,4015.0
1721,13.7032,28.377,0.44,10194.0
1722,13.7195,-63.16,0.14,1602.0
1723,13.7236,-63.0,0.13,2155.0
1724,13.7455,-62.892,0.16,1634.0
1725,13.7515,-60.23,0.155,949.0
1726,13.7545,-62.035,0.11,2628.0
1727,13.7615,-73.96,0.17,2436.0
1728,13.7741,-51.374,0.185,11711.0
1729,13.776,-62.925,0.215,1211.0
1730,13.7735,-59.2,0.21,1577.0
1731,13.7875,-62.4,0.16,2948.0
1732,13.804,-66.075,0.13,2204.0
1733,13.81,-61.455,0.195,2677.0
1734,13.8122,-64.695,0.12,5086.0
1735,13.8355,-50.667,0.12,2154.0
1736,13.8405,-59.945,0.11,1847.0
1737,13.8705,-66.405,0.22,1025.0
1738,13.8765,-63.405,0.57,491.0
1739,13.8935,-59.745,0.125,4028.0
1740,13.899,-61.87,0.26,1208.0
1741,13.905,-64.95,0.165,1481.0
1742,13.91,-65.335,0.14,1332.0
1743,13.9106,-41.768,0.175,3848.0
1744,13.9108,-31.95,0.1,3802.0
1745,13.915,-61.575,0.14,1184.0
1746,13.9175,-70.75,0.147,4239.0
1747,13.938,-61.75,0.12,1105.0
1748,13.9585,-42.87,0.16,2733.0
1749,13.9583,-59.58,0.13,1864.0
1750,13.9655,-69.365,0.1,4331.0
1751,13.9695,-61.75,0.155,2088.0
1752,13.985,-57.875,0.14,4167.0
1753,13.9895,-58.384,0.145,789.0
1754,13.991,-59.33,0.145,1711.0
1755,14.0,-62.15,0.155,1312.0
1756,14.0,-70.4,0.17,2221.0
1757,14.005,-49.765,0.145,4570.0
1758,14.011,-59.605,0.16,1949.0
1759,14.0733,-58.7,0.11,1063.0
1760,14.092,28.534,0.205,16003.0
1761,14.094,-67.475,0.185,1241.0
1762,14.097,-59.745,0.18,673.0
1763,14.1106,-58.12,0.155,3057.0
1764,14.126,-48.33,0.38,652.0
1765,14.144,-61.177,0.07,2120.0
1766,14.156,-59.725,0.21,1330.0
1767,14.18,-62.33,0.265,2041.0
1768,14.237,-57.86,0.14,1753.0
1769,14.257,-64.63,0.12,3274.0
1770,14.2644,-78.515,0.165,2473.0
1771,14.264,-59.12,0.135,1349.0
1772,14.3,-61.425,0.19,1226.0
1773,14.3062,-58.988,0.2,1609.0
1774,14.313,-56.89,0.195,586.0
1775,14.327,-65.432,0.085,1366.0
1776,14.3615,-72.085,0.155,5175.0
1777,14.4075,-61.33,0.2,932.0
1778,14.4167,-60.375,0.07,6581.0
1779,14.427,-54.8,0.135,808.0
1780,14.463,-59.63,0.115,2141.0
1781,14.476,-60.02,0.115,1458.0
1782,14.4865,-58.71,0.18,1388.0
1783,14.4937,-5.976,0.115,25214.0
1784,14.4965,-60.715,0.145,1769.0
1785,14.502,-58.215,0.15,1346.0
1786,14.51,-60.885,0.12,1978.0
1787,14.5155,-61.165,0.15,1614.0
1788,14.5389,-53.7,0.12,1850.0
1789,14.539,-35.82,0.135,1298.0
1790,14.5375,-56.895,0.115,6955.0
1791,14.5581,-62.017,0.095,1278.0
1792,14.5606,-49.165,0.115,1667.0
1793,14.5665,-61.347,0.125,1148.0
1794,14.577,-56.115,0.115,1469.0
1795,14.593,-56.615,0.245,625.0
1796,14.6,-59.98,0.14,1560.0
1797,14.6225,-29.395,0.15,1634.0
1798,14.661,-44.07,0.155,1953.0
1799,14.6601,-26.539,0.095,34992.0
1800,14.6755,-66.12,0.39,613.0
1801,14.6714,-60.372,0.115,5405.0
1802,14.693,-62.89,0.17,3412.0
1803,14.7006,-60.51,0.055,5276.0
1804,14.725,-57.567,0.115,1490.0
1805,14.739,-63.405,0.145,1819.0
1806,14.743,-64.74,0.14,1791.0
1807,14.7465,-59.142,0.11,2088.0
1808,14.7445,-61.715,0.26,2088.0
1809,14.7505,-59.833,0.065,4069.0
1810,14.75,-62.925,0.35,1783.0
1811,14.7815,-59.487,0.12,2282.0
1812,14.794,-66.39,0.37,501.0
1813,14.813,-54.485,0.21,1014.0
1814,14.845,-52.27,0.16,1535.0
1815,14.89,-60.485,0.145,2352.0
1816,14.8925,-52.673,0.15,2681.0
1817,14.9485,-83.445,0.185,1380.0
1818,14.949,-62.573,0.16,1764.0
1819,14.954,-64.945,0.085,1513.0
1820,15.0051,-82.214,0.14,18804.0
1821,15.02,-57.665,0.115,1148.0
1822,15.0297,-51.917,0.14,4844.0
1823,15.06,-57.68,0.1,1963.0
1824,15.0663,-33.068,0.14,32114.0
1825,15.0711,-45.55,0.07,1582.0
1826,15.0745,-54.39,0.55,794.0
1827,15.0935,-68.405,0.155,3241.0
1828,15.0883,-57.528,0.058,3391.0
1829,15.092,-55.595,0.11,1189.0
1830,15.1117,-56.517,0.105,912.0
1831,15.1285,-54.522,0.19,1434.0
1832,15.1675,-58.287,0.075,1535.0
1833,15.167,-58.426,0.062,1950.0
1834,15.176,-58.77,0.16,2056.0
1835,15.1915,-37.365,0.185,3066.0
1836,15.2535,-62.775,0.13,9537.0
1837,15.2564,-59.067,0.085,1501.0
1838,15.2681,-0.112,0.14,23195.0
1839,15.279,-59.655,0.11,1174.0
1840,15.2805,-58.34,0.105,4164.0
1841,15.2901,-21.01,0.285,12502.0
1842,15.3092,2.081,0.44,7501.0
1843,15.3145,-56.66,0.1,2049.0
1844,15.311,-60.63,0.51,871.0
1845,15.3494,-59.62,0.125,1562.0
1846,15.4125,-60.128,0.315,1281.0
1847,15.417,-35.635,0.145,1031.0
1848,15.4305,-64.82,0.14,3743.0
1849,15.4595,-54.517,0.135,1555.0
1850,15.4589,-41.05,0.095,1546.0
1851,15.4669,-50.673,0.2,7699.0
1852,15.474,-56.997,0.1,1505.0
1853,15.4765,-56.375,0.06,5240.0
1854,15.491,-51.255,0.26,715.0
1855,15.4967,-64.85,0.105,1274.0
1856,15.5555,-55.24,0.195,1369.0
1857,15.561,-58.135,0.14,6111.0
1858,15.564,-53.68,0.12,1478.0
1859,15.5845,-58.275,0.14,6206.0
1860,15.5913,-50.66,0.12,10596.0
1861,15.647,-59.253,0.115,2357.0
1862,15.6515,-50.051,0.1,18887.0
1863,15.6825,-52.46,0.185,1076.0
1864,15.6983,-56.65,0.16,1753.0
1865,15.6995,-54.98,0.115,1330.0
1866,15.705,-53.96,0.075,2422.0
1867,15.7275,-52.47,0.11,1390.0
1868,15.7675,-37.786,0.165,10517.0
1869,15.7708,-52.378,0.3,869.0
1870,15.7795,-50.995,0.16,850.0
1871,15.784,-64.412,0.21,800.0
1872,15.811,-50.215,0.075,1423.0
1873,15.824,-50.603,0.17,1608.0
1874,15.824,-28.583,0.14,4853.0
1875,15.834,-57.638,0.17,1106.0
1876,15.8345,-52.79,0.17,619.0
1877,15.8695,-56.467,0.1,1629.0
1878,15.896,-49.51,0.11,1113.0
1879,15.9025,-53.18,0.045,4204.0
1880,15.912,-52.48,0.17,1137.0
1881,15.9155,-60.745,0.2,884.0
1882,15.9185,-46.01,0.155,1513.0
1883,15.933,-57.44,0.13,1802.0
1884,15.959,-59.495,0.45,810.0
1885,15.958,-54.375,0.15,1893.0
1886,15.9635,-36.195,0.112,4785.0
1887,16.0145,-53.533,0.165,2194.0
1888,16.025,-54.117,0.1,2120.0
1889,16.0545,-60.4,0.345,763.0
1890,16.0815,-51.925,0.125,1771.0
1891,16.0935,-20.485,0.125,1546.0
1892,16.1056,-56.867,0.125,2088.0
1893,16.1065,-50.725,0.065,3358.0
1894,16.1275,-54.018,0.14,1278.0
1895,16.1272,-52.53,0.09,6497.0
1896,16.132,-39.35,0.105,7468.0
1897,16.158,-52.25,0.06,2087.0
1898,16.17,-52.135,0.055,2186.0
1899,16.176,-49.013,0.115,1076.0
1900,16.1747,-77.66,0.135,5666.0
1901,16.178,-53.75,0.16,2396.0
1902,16.1842,-55.314,0.095,8785.0
1903,16.1865,-51.525,0.115,2434.0
1904,16.2027,-51.475,0.06,7362.0
1905,16.2042,-52.046,0.075,2031.0
1906,16.2056,-51.771,0.12,3917.0
1907,16.216,-52.427,0.14,1948.0
1908,16.217,-50.39,0.12,2867.0
1909,16.22,-54.22,0.235,1793.0
1910,16.237,-51.865,0.13,2023.0
1911,16.244,-51.333,0.085,2686.0
1912,16.2503,-49.85,0.06,4362.0
1913,16.284,-22.976,0.17,10011.0
1914,16.2847,-50.792,0.07,6353.0
1915,16.2905,-31.2,0.13,8015.0
1916,16.3063,-40.22,0.09,2136.0
1917,16.312,-50.316,0.08,1258.0
1918,16.3155,-54.92,0.38,1441.0
1919,16.314,-57.94,0.32,889.0
1920,16.3181,-42.129,0.11,3481.0
1921,16.3235,-50.15,0.06,2053.0
1922,16.3344,-50.217,0.075,1338.0
1923,16.3406,-50.907,0.06,2240.0
1924,16.341,-50.695,0.045,5523.0
1925,16.3447,-48.517,0.1,1704.0
1926,16.3585,-50.01,0.05,5366.0
1927,16.39,-52.0,0.13,895.0
1928,16.3905,-49.545,0.055,4076.0
1929,16.3905,-51.88,0.08,937.0
1930,16.3931,-26.526,0.885,2199.0
1931,16.3945,-24.455,0.195,1762.0
1932,16.3975,-32.01,0.115,3393.0
1933,16.3994,-48.895,0.075,2820.0
1934,16.4045,-51.155,0.08,1220.0
1935,16.4085,-61.733,0.13,1561.0
1936,16.412,-51.94,0.14,974.0
1937,16.421,-40.65,0.455,559.0
1938,16.43,-72.202,0.125,15405.0
1939,16.4538,-26.024,0.155,8903.0
1940,16.4612,-38.849,0.13,10110.0
1941,16.4635,-49.155,0.22,892.0
1942,16.47,-51.51,0.13,1105.0
1943,16.4778,-35.353,0.16,8205.0
1944,16.484,-49.097,0.12,898.0
1945,16.483,-49.603,0.075,5163.0
1946,16.4858,-27.961,0.18,7468.0
1947,16.4933,-47.3,0.065,3178.0
1948,16.497,-49.752,0.14,1201.0
1949,16.507,-50.125,0.115,1623.0
1950,16.5175,-24.275,0.4,4350.0
1951,16.5422,-13.054,0.23,6397.0
1952,16.545,-52.64,0.19,1031.0
1953,16.5685,-44.016,0.11,1007.0
1954,16.578,-49.785,0.21,1216.0
1955,16.586,-48.3,0.115,1476.0
1956,16.5889,-50.99,0.115,2065.0
1957,16.5965,-45.625,0.19,1011.0
1958,16.607,-8.935,0.225,2107.0
1959,16.6097,-35.015,0.1,4298.0
1960,16.6345,-57.095,0.07,2466.0
1961,16.6355,-46.295,0.085,4101.0
1962,16.6355,-47.078,0.075,6764.0
1963,16.6475,-47.293,0.07,6667.0
1964,16.6571,-28.399,0.075,8308.0
1965,16.6675,-48.777,0.065,1449.0
1966,16.6708,-45.66,0.06,4526.0
1967,16.6725,-43.36,0.235,1619.0
1968,16.6733,-43.74,0.075,1790.0
1969,16.681,-16.03,0.115,4844.0
1970,16.6895,-48.755,0.23,1158.0
1971,16.6948,36.46,0.47,7107.0
1972,16.6965,-46.15,0.24,1239.0
1973,16.736,-47.465,0.24,2214.0
1974,16.7425,-47.655,0.14,1777.0
1975,16.7477,-58.86,0.09,4935.0
1976,16.7539,-72.831,0.115,1781.0
1977,16.7585,38.36,0.28,946.0
1978,16.76,-47.747,0.12,1750.0
1979,16.7675,-50.74,0.15,1872.0
1980,16.769,-47.02,0.145,1085.0
1981,16.775,-45.85,0.085,2069.0
1982,16.777,-47.09,0.075,2799.0
1983,16.783,47.528,0.165,30502.0
1984,16.7844,-45.833,0.085,7686.0
1985,16.785,-25.805,0.23,1266.0
1986,16.7873,-1.949,0.3,4797.0
1987,16.797,-45.49,0.235,806.0
1988,16.803,-45.35,0.05,1710.0
1989,16.8069,-61.75,0.09,1659.0
1990,16.8155,-43.428,0.075,3412.0
1991,16.8225,-44.72,0.14,3355.0
1992,16.823,-53.715,0.21,926.0
1993,16.8322,-44.205,0.115,1633.0
1994,16.841,-44.73,0.1,3308.0
1995,16.845,-39.08,0.14,4103.0
1996,16.859,-42.393,0.12,1844.0
1997,16.868,-34.946,0.07,2532.0
1998,16.87,-47.055,0.06,8831.0
1999,16.8765,-43.396,0.06,3798.0
2000,16.8904,-22.177,0.15,11495.0
2001,16.904,-41.83,0.4,1393.0
2002,16.906,-45.298,0.062,3490.0
2003,16.913,-40.715,0.18,965.0
2004,16.9165,-45.24,0.095,1327.0
2005,16.9185,-49.325,0.14,3584.0
2006,16.9197,-40.94,0.11,1130.0
2007,16.926,-39.46,0.215,1184.0
2008,16.929,-15.995,0.14,834.0
2009,16.935,-40.78,0.1,1841.0
2010,16.9357,-40.68,0.09,1536.0
2011,16.9403,-53.072,0.115,1629.0
2012,16.9444,-40.575,0.095,2910.0
2013,16.9525,-4.1,0.265,4405.0
2014,16.96,-44.8,0.19,1113.0
2015,16.966,-45.95,0.255,940.0
2016,16.9845,-33.16,0.11,6605.0
2017,16.9847,-52.7,0.18,1511.0
2018,16.9875,-40.12,0.075,2628.0
2019,16.9905,-42.575,0.085,7693.0
2020,16.9924,-37.121,0.12,10296.0
2021,16.9975,-0.533,0.07,44999.0
2022,17.008,-40.562,0.06,2382.0
2023,17.015,-44.69,0.17,1855.0
2024,17.0202,-30.114,0.21,6805.0
2025,17.0375,-58.97,0.5,738.0
2026,17.035,-38.865,0.125,1555.0
2027,17.0355,-26.782,0.105,4627.0
2028,17.0355,-39.715,0.185,1105.0
2029,17.037,-41.785,0.17,7506.0
2030,17.0364,-41.11,0.105,1820.0
2031,17.0438,-26.268,0.21,8794.0
2032,17.05,-28.45,0.3,838.0
2033,17.0545,-47.152,0.1,1054.0
2034,17.0585,-8.838,0.16,4004.0
2035,17.0642,-48.083,0.11,3612.0
2036,17.0665,-51.09,0.11,813.0
2037,17.0715,-42.334,0.075,2601.0
2038,17.072,-42.07,0.16,3411.0
2039,17.0725,-19.45,0.115,5271.0
2040,17.074,-24.765,0.21,15308.0
2041,17.079,-74.35,0.14,1490.0
2042,17.078,-37.98,0.32,512.0
2043,17.082,-31.045,0.105,5409.0
2044,17.0819,-38.317,0.11,1695.0
2045,17.0859,-22.708,0.17,9400.0
2046,17.0945,-36.667,0.11,1579.0
2047,17.114,-35.58,0.54,1297.0
2048,17.1235,-40.817,0.18,1422.0
2049,17.16,-41.595,0.075,1669.0
2050,17.1695,-26.582,0.155,9474.0
2051,17.176,-25.075,0.115,7130.0
2052,17.1885,-45.9,0.06,1620.0
2053,17.19,-39.179,0.115,7908.0
2054,17.21,-33.355,0.785,1082.0
2055,17.22,-39.66,0.085,1569.0
2056,17.235,-10.48,0.12,3320.0
2057,17.2423,-29.462,0.13,5904.0
2058,17.2495,-39.085,0.13,1400.0
2059,17.2697,-39.417,0.11,1841.0
2060,17.272,-40.81,0.1,1723.0
2061,17.277,-28.14,0.12,10403.0
2062,17.2854,43.136,0.405,8292.0
2063,17.288,-36.335,0.09,2024.0
2064,17.2887,-35.55,0.155,1340.0
2065,17.2998,-23.766,0.1,7806.0
2066,17.3075,-42.93,0.145,1089.0
2067,17.311,-32.33,0.2,807.0
2068,17.3125,-38.295,0.165,7813.0
2069,17.315,-38.817,0.14,4854.0
2070,17.3198,-18.516,0.195,7892.0
2071,17.3447,-35.883,0.07,895.0
2072,17.3475,-36.115,0.245,1132.0
2073,17.3528,-19.587,0.205,8502.0
2074,17.3869,-37.758,0.09,5483.0
2075,17.389,-62.65,0.75,567.0
2076,17.392,-37.925,0.155,929.0
2077,17.393,-17.813,0.17,13886.0
2078,17.3996,-26.353,0.09,9201.0
2079,17.4065,-39.017,0.16,1818.0
2080,17.4113,-34.213,0.11,1773.0
2081,17.426,-34.4,0.09,1481.0
2082,17.415,-49.935,0.24,888.0
2083,17.425,-29.975,0.145,4499.0
2084,17.4248,-48.422,0.22,5610.0
2085,17.4255,-36.366,0.075,3135.0
2086,17.433,24.183,0.165,2938.0
2087,17.4478,-34.683,0.125,816.0
2088,17.4524,-7.083,0.11,25002.0
2089,17.4592,-30.802,0.095,7495.0
2090,17.4623,-5.08,0.45,3503.0
2091,17.467,-40.73,0.12,2186.0
2092,17.4755,-29.485,0.155,1490.0
2093,17.4825,-31.58,0.235,930.0
2094,17.483,-36.562,0.05,6755.0
2095,17.488,-36.653,0.055,5147.0
2096,17.4945,-40.45,0.16,1188.0
2097,17.496,-15.635,0.09,7893.0
2098,17.494,-32.48,0.125,1259.0
2099,17.5067,-33.19,0.075,1904.0
2100,17.5105,-32.205,0.11,2588.0
2101,17.5108,-31.596,0.175,7198.0
2102,17.5181,-29.967,0.13,8197.0
2103,17.521,-36.805,0.18,1467.0
2104,17.527,-39.84,0.12,7086.0
2105,17.527,-34.01,0.13,1051.0
2106,17.5319,-67.048,0.23,7600.0
2107,17.5325,-31.91,0.21,2778.0
2108,17.535,-17.883,0.112,2735.0
2109,17.5422,-27.075,0.09,3739.0
2110,17.5455,-32.955,0.16,1802.0
2111,17.549,-32.57,0.1,2837.0
2112,17.5555,-29.165,0.09,1215.0
2113,17.5583,-29.323,0.1,2879.0
2114,17.5744,-39.067,0.125,10897.0
2115,17.576,-36.65,0.115,3540.0
2116,17.579,-32.577,0.225,1184.0
2117,17.5836,-34.305,0.14,2325.0
2118,17.594,-21.07,0.09,5984.0
2119,17.595,-36.355,0.115,1948.0
2120,17.5966,-30.467,0.08,6699.0
2121,17.6029,-38.55,0.11,8201.0
2122,17.6048,-44.736,0.22,9889.0
2123,17.606,-33.52,0.25,1266.0
2124,17.6158,-42.235,0.11,3210.0
2125,17.617,-32.48,0.175,1474.0
2126,17.6267,-3.246,0.3,9298.0
2127,17.627,-35.022,0.1,1168.0
2128,17.6305,-58.145,0.15,1500.0
2129,17.6312,-36.304,0.09,1435.0
2130,17.6315,-8.085,0.31,174.0
2131,17.6367,-37.7,0.275,698.0
2132,17.6392,5.721,0.11,1660.0
2133,17.6435,-23.91,0.14,10598.0
2134,17.6444,-35.65,0.105,8208.0
2135,17.652,-34.815,0.305,526.0
2136,17.6555,-23.658,0.055,3054.0
2137,17.661,-33.233,0.125,2146.0
2138,17.6645,-9.11,0.115,1764.0
2139,17.67,-36.945,0.19,938.0
2140,17.672,-32.215,0.45,356.0
2141,17.6784,-53.674,0.405,2301.0
2142,17.6915,-40.12,0.145,1096.0
2143,17.6953,-19.571,0.08,7074.0
2144,17.727,-34.213,0.09,2471.0
2145,17.7267,-24.718,0.075,2041.0
2146,17.7284,-26.217,0.1,5802.0
2147,17.753,-47.185,0.89,218.0
2148,17.738,-34.885,0.075,2486.0
2149,17.7395,-32.365,0.24,767.0
2150,17.7481,-29.68,0.1,2727.0
2151,17.7485,3.17,0.18,20598.0
2152,17.7512,-28.848,0.09,1182.0
2153,17.758,-26.697,0.09,998.0
2154,17.7625,7.484,0.1,5011.0
2155,17.7655,-14.66,0.085,4078.0
2156,17.7711,-29.7,0.19,1699.0
2157,17.773,-29.325,0.13,1852.0
2158,17.771,5.695,0.7,352.0
2159,17.7762,-24.895,0.07,2264.0
2160,17.783,-31.53,0.155,1012.0
2161,17.7883,-24.893,0.09,1192.0
2162,17.7883,-29.617,0.105,1526.0
2163,17.7912,-33.066,0.12,13682.0
2164,17.7922,-30.09,0.085,3334.0
2165,17.8014,-24.78,0.07,6900.0
2166,17.8035,1.36,0.55,302.0
2167,17.8146,-20.36,0.15,8492.0
2168,17.814,-37.37,0.22,858.0
2169,17.814,-60.11,0.17,2326.0
2170,17.8173,-28.745,0.17,1700.0
2171,17.82,-29.235,0.165,614.0
2172,17.8215,-51.545,0.17,3066.0
2173,17.8245,-31.25,0.055,1346.0
2174,17.825,-34.825,0.19,1217.0
2175,17.837,-37.051,0.125,11610.0
2176,17.8447,-30.2,0.22,2605.0
2177,17.8462,-31.275,0.115,6812.0
2178,17.8477,-34.599,0.15,11611.0
2179,17.852,-11.88,0.23,644.0
2180,17.8545,11.162,0.14,1596.0
2181,17.8625,-35.175,0.23,2710.0
2182,17.875,-30.105,0.2,995.0
2183,17.8733,-28.652,0.14,5246.0
2184,17.874,-38.635,0.31,2695.0
2185,17.8786,-29.55,0.125,6664.0
2186,17.8805,-28.44,0.075,2626.0
2187,17.88,4.167,0.125,1836.0
2188,17.884,-29.873,0.07,1828.0
2189,17.887,-22.315,0.235,690.0
2190,17.888,-27.365,0.125,1668.0
2191,17.8908,-28.32,0.065,7575.0
2192,17.896,-34.78,0.7,303.0
2193,17.899,-32.465,0.08,7475.0
2194,17.9,-36.145,0.105,8923.0
2195,17.9094,-30.441,0.09,3567.0
2196,17.9221,-29.388,0.095,1698.0
2197,17.9235,-29.045,0.07,2295.0
2198,17.9355,-36.565,0.1,8508.0
2199,17.9405,-23.192,0.125,4340.0
2200,17.9439,0.058,0.15,3260.0
2201,17.9485,-35.27,0.19,1982.0
2202,17.949,-28.625,0.077,7061.0
2203,17.9485,-19.0,0.55,648.0
2204,17.9605,-22.865,0.14,2418.0
2205,17.9676,-11.677,0.08,3497.0
2206,17.9778,-32.01,0.085,3007.0
2207,17.9775,-5.072,0.09,8677.0
2208,17.9844,-44.266,0.125,11307.0
2209,17.9883,-24.71,0.115,4513.0
2210,17.9945,-51.695,0.14,2362.0
2211,17.9955,-28.207,0.165,830.0
2212,17.9968,-17.418,0.12,3707.0
2213,17.9994,-24.698,0.11,1134.0
2214,17.9985,-25.215,0.16,1405.0
2215,18.008,2.875,0.8,640.0
2216,18.0127,-24.073,0.09,2378.0
2217,18.0165,-23.535,0.155,593.0
2218,18.0264,-24.835,0.11,1478.0
2219,18.0274,-26.833,0.075,7108.0
2220,18.0303,-27.817,0.085,6305.0
2221,18.0307,-8.959,0.16,10600.0
2222,18.0332,-23.705,0.167,538.0
2223,18.0337,-23.953,0.08,2062.0
2224,18.0345,11.017,0.16,3221.0
2225,18.0348,-21.775,0.107,1763.0
2226,18.038,-21.917,0.115,2434.0
2227,18.0389,16.774,0.12,1724.0
2228,18.043,-22.995,0.265,1093.0
2229,18.0575,-27.895,0.155,1472.0
2230,18.0581,-22.117,0.16,2106.0
2231,18.0595,-30.034,0.1,7702.0
2232,18.0601,-26.067,0.08,5797.0
2233,18.064,-0.298,0.115,6806.0
2234,18.07,-22.49,0.19,1194.0
2235,18.0715,-20.178,0.085,2525.0
2236,18.075,-24.36,0.2,1365.0
2237,18.077,-58.525,0.115,985.0
2238,18.0805,-30.056,0.1,7892.0
2239,18.0805,-7.586,0.19,7801.0
2240,18.1024,-27.75,0.125,5301.0
2241,18.1055,-21.62,0.09,1515.0
2242,18.1075,21.914,0.125,6251.0
2243,18.1081,-21.38,0.14,1468.0
2244,18.1087,-27.447,0.075,7376.0
2245,18.1175,-19.91,0.14,2940.0
2246,18.1224,-24.997,0.18,3000.0
2247,18.1254,-25.755,0.06,1129.0
2248,18.125,-23.325,0.205,938.0
2249,18.134,-43.715,0.23,7499.0
2250,18.136,-22.28,0.165,1830.0
2251,18.1455,-37.94,0.13,1935.0
2252,18.1465,31.555,0.145,2626.0
2253,18.145,-21.405,0.202,2056.0
2254,18.1487,-18.443,0.22,1775.0
2255,18.1505,-20.08,0.11,4644.0
2256,18.1517,-46.417,0.065,21395.0
2257,18.1549,-25.909,0.155,6000.0
2258,18.156,-24.53,0.09,1490.0
2259,18.1587,-20.79,0.105,7436.0
2260,18.1605,-23.7,0.315,1170.0
2261,18.1677,4.222,0.115,4297.0
2262,18.1716,-31.764,0.13,7411.0
2263,18.1733,-17.741,0.105,1423.0
2264,18.1742,-16.73,0.155,2488.0
2265,18.1789,-7.208,0.29,5399.0
2266,18.1922,-16.0,0.31,1594.0
2267,18.2044,-22.733,0.11,4801.0
2268,18.2061,5.475,0.09,2495.0
2269,18.2081,-29.567,0.09,1211.0
2270,18.212,-21.6,0.266,861.0
2271,18.213,-24.35,0.095,1657.0
2272,18.2178,-13.325,0.11,4415.0
2273,18.2274,-31.827,0.14,10900.0
2274,18.2275,-22.13,0.095,3032.0
2275,18.23,-8.708,0.12,3976.0
2276,18.2347,-28.633,0.08,6555.0
2277,18.2347,-17.47,0.107,7959.0
2278,18.2385,-17.325,0.15,4736.0
2279,18.2438,-16.757,0.06,5358.0
2280,18.2442,-17.881,0.07,4269.0
2281,18.248,-20.32,0.48,1481.0
2282,18.2497,-3.155,0.1,2971.0
2283,18.252,-8.45,0.095,3940.0
2284,18.2536,-3.925,0.115,4429.0
2285,18.258,-19.015,0.18,2318.0
2286,18.26,-14.975,0.27,731.0
2287,18.2636,-22.133,0.1,1753.0
2288,18.2675,-25.705,0.235,1213.0
2289,18.27,-41.05,0.09,7562.0
2290,18.2718,17.45,0.115,1523.0
2291,18.2748,7.391,0.085,2153.0
2292,18.2751,-18.3,0.135,1277.0
2293,18.284,-45.25,0.1,1397.0
2294,18.2845,-19.87,0.1,6343.0
2295,18.282,-19.065,0.165,1290.0
2296,18.2865,-13.33,0.37,1623.0
2297,18.292,-16.65,0.2,932.0
2298,18.288,-19.12,0.115,1392.0
2299,18.294,-19.66,0.135,1289.0
2300,18.3005,-12.238,0.265,1895.0
2301,18.3058,29.11,0.305,1607.0
2302,18.307,-14.965,0.185,1144.0
2303,18.307,-18.43,0.14,2325.0
2304,18.3104,-52.216,0.155,13501.0
2305,18.3115,-13.78,0.24,1646.0
2306,18.3188,12.195,0.48,550.0
2307,18.3195,8.128,0.11,2496.0
2308,18.3295,-4.215,0.1,5325.0
2309,18.333,-17.11,0.19,1213.0
2310,18.3345,-32.36,0.18,759.0
2311,18.3355,-4.086,0.09,3497.0
2312,18.342,-63.81,0.14,4757.0
2313,18.343,-16.15,0.29,1308.0
2314,18.3553,-14.283,0.14,3197.0
2315,18.3725,-14.585,0.19,3412.0
2316,18.3798,-11.955,0.165,1335.0
2317,18.3845,15.85,0.15,1786.0
2318,18.3946,-30.361,0.1,7905.0
2319,18.3987,-16.64,0.13,1318.0
2320,18.4091,-24.87,0.155,5501.0
2321,18.4125,-13.396,0.1,4360.0
2322,18.4115,-19.72,0.11,1282.0
2323,18.413,-14.2,0.21,1475.0
2324,18.4245,-10.015,0.14,5785.0
2325,18.4247,-14.65,0.15,1258.0
2326,18.4355,-50.955,0.55,386.0
2327,18.4344,-13.05,0.1,1614.0
2328,18.4542,-12.02,0.17,2972.0
2329,18.4557,6.5,0.365,385.0
2330,18.4758,-31.905,0.105,5174.0
2331,18.4844,-11.967,0.125,1550.0
2332,18.503,-11.5,0.145,1257.0
2333,18.507,-15.045,0.115,2325.0
2334,18.509,-12.305,0.155,1916.0
2335,18.5156,-25.497,0.115,9410.0
2336,18.516,-13.14,0.17,765.0
2337,18.5219,-12.326,0.1,3381.0
2338,18.5231,-32.348,0.18,8800.0
2339,18.5233,-6.633,0.23,1460.0
2340,18.5245,-17.34,0.11,5246.0
2341,18.5285,-19.11,0.38,561.0
2342,18.5317,-23.475,0.115,8089.0
2343,18.5347,-15.687,0.1,1173.0
2344,18.537,-12.215,0.1,1802.0
2345,18.535,-16.01,0.1,1159.0
2346,18.5433,-12.14,0.1,2062.0
2347,18.542,-16.91,0.15,1245.0
2348,18.548,-6.035,0.1,1569.0
2349,18.5556,-4.971,0.09,2023.0
2350,18.556,-10.4,0.18,1564.0
2351,18.5585,-11.41,0.12,1649.0
2352,18.569,23.599,0.165,1965.0
2353,18.5695,-7.305,0.055,6952.0
2354,18.5745,-9.259,0.067,7459.0
2355,18.583,-6.85,0.115,5163.0
2356,18.5875,-7.16,0.14,1668.0
2357,18.596,-32.991,0.16,9999.0
2358,18.6067,-23.905,0.355,3198.0
2359,18.6088,-8.21,0.14,1708.0
2360,18.615,-19.22,0.34,591.0
2361,18.6375,-6.797,0.07,4261.0
2362,18.638,-37.56,0.14,2650.0
2363,18.649,5.45,0.8,483.0
2364,18.6608,-4.8,0.11,1304.0
2365,18.661,-6.03,0.09,1128.0
2366,18.6633,-8.415,0.18,1342.0
2367,18.6665,-44.19,0.11,3830.0
2368,18.687,-4.035,0.17,1381.0
2369,18.6872,-4.373,0.14,1930.0
2370,18.6916,-19.83,0.17,12801.0
2371,18.6983,-4.267,0.075,1422.0
2372,18.7036,-6.2,0.11,1441.0
2373,18.7081,-5.25,0.105,1762.0
2374,18.711,-33.65,0.47,800.0
2375,18.7165,-4.23,0.14,1273.0
2376,18.7202,-32.292,0.18,9001.0
2377,18.7207,-3.598,0.075,7813.0
2378,18.7352,-36.942,0.09,4080.0
2379,18.739,-4.93,0.115,2289.0
2380,18.749,-1.155,0.11,2434.0
2381,18.7545,-9.38,0.165,1748.0
2382,18.7565,-10.46,0.13,1848.0
2383,18.7655,-3.607,0.145,1174.0
2384,18.7678,-2.655,0.065,6699.0
2385,18.7722,-3.795,0.08,818.0
2386,18.7935,0.607,0.115,5387.0
2387,18.7923,-1.942,0.075,4891.0
2388,18.7983,-25.877,0.13,4135.0
2389,18.8025,-5.865,0.1,1604.0
2390,18.8122,-3.519,0.125,1516.0
2391,18.8185,-18.74,0.23,679.0
2392,18.8206,2.767,0.2,1657.0
2393,18.8298,4.96,0.165,1763.0
2394,18.8313,-1.022,0.085,2069.0
2395,18.8383,-3.577,0.085,1388.0
2396,18.844,-18.227,0.24,770.0
2397,18.8439,-4.188,0.19,2837.0
2398,18.8458,-5.21,0.11,2180.0
2399,18.8498,-6.28,0.35,1750.0
2400,18.8564,10.33,0.22,1075.0
2401,18.8575,0.175,0.075,4427.0
2402,18.872,-20.2,0.3,668.0
2403,18.8745,-21.085,0.14,1735.0
2404,18.8845,-8.706,0.17,6905.0
2405,18.8872,-42.125,0.135,1312.0
2406,18.889,1.247,0.06,2846.0
2407,18.901,36.805,0.55,373.0
2408,18.9055,-1.217,0.12,1791.0
2409,18.9095,-19.885,0.18,669.0
2410,18.914,5.54,0.1,1453.0
2411,18.919,10.775,0.09,4457.0
2412,18.9176,-30.48,0.145,26507.0
2413,18.9183,-22.701,0.115,7100.0
2414,18.931,21.619,0.27,546.0
2415,18.9315,10.773,0.075,4389.0
2416,18.9445,-26.95,0.115,2796.0
2417,18.945,10.415,0.08,4813.0
2418,18.9789,-26.794,0.125,1875.0
2419,18.979,-8.965,0.13,1127.0
2420,18.9925,-36.632,0.26,8703.0
2421,19.009,-0.47,0.155,2213.0
2422,19.0225,11.6,0.14,686.0
2423,19.0205,29.314,0.18,2220.0
2424,19.0233,-26.57,0.2,2711.0
2425,19.027,33.575,0.365,350.0
2426,19.027,-0.46,0.11,3401.0
2427,19.0389,-18.533,0.17,2037.0
2428,19.0646,-0.022,0.09,2687.0
2429,19.0685,-33.395,0.12,2207.0
2430,19.0876,1.9,0.165,7902.0
2431,19.1148,9.59,0.075,5745.0
2432,19.1258,6.283,0.185,1481.0
2433,19.1255,4.333,0.11,1143.0
2434,19.1303,4.267,0.195,2010.0
2435,19.1458,4.717,0.11,1951.0
2436,19.1456,5.597,0.085,2093.0
2437,19.1508,1.537,0.11,2847.0
2438,19.1605,-13.9,0.14,4079.0
2439,19.1753,7.883,0.068,5389.0
2440,19.1811,-59.985,0.42,4002.0
2441,19.1858,14.833,0.045,4496.0
2442,19.1867,1.03,0.19,7400.0
2443,19.189,13.096,0.14,1125.0
2444,19.1155,13.245,0.105,3026.0
2445,19.1942,12.05,0.12,3308.0
2446,19.2235,36.335,0.5,363.0
2447,19.229,-42.63,0.195,1509.0
2448,19.236,11.21,0.045,6292.0
2449,19.2585,11.265,0.18,1355.0
2450,19.2725,11.315,0.04,5405.0
2451,19.2765,30.183,0.16,9403.0
2452,19.2728,-16.25,1.33,270.0
2453,19.28,-0.922,0.115,2004.0
2454,19.284,-51.48,0.165,3276.0
2455,19.2855,23.98,0.1,5341.0
2456,19.2872,19.543,0.195,1978.0
2457,19.2955,-34.658,0.08,22795.0
2458,19.3006,18.567,0.14,5894.0
2459,19.3042,-57.9,0.145,2974.0
2460,19.3187,15.722,0.12,2360.0
2461,19.3217,-37.62,0.1,1995.0
2462,19.348,37.78,0.2,4926.0
2463,19.3483,15.685,0.1,3797.0
2464,19.351,43.975,0.113,1584.0
2465,19.351,13.765,0.135,2110.0
2466,19.3739,14.12,0.085,5950.0
2467,19.376,12.667,0.125,2509.0
2468,19.3815,14.165,0.06,5805.0
2469,19.3883,22.14,0.22,724.0
2470,19.3867,14.455,0.065,6055.0
2471,19.3958,14.513,0.053,5665.0
2472,19.408,16.895,0.093,2478.0
2473,19.4083,13.7,0.17,1796.0
2474,19.4088,20.795,0.085,1735.0
2475,19.4115,29.96,0.165,1500.0
2476,19.421,13.948,0.115,1455.0
2477,19.4235,11.635,0.105,1317.0
2478,19.4298,2.005,0.125,1361.0
2479,19.4285,8.08,0.11,2883.0
2480,19.434,16.33,0.06,5549.0
2481,19.4495,13.975,0.1,1305.0
2482,19.451,25.125,0.18,1082.0
2483,19.453,-23.59,0.11,2566.0
2484,19.4745,17.36,0.147,1462.0
2485,19.4789,-30.356,0.11,28596.0
2486,19.4827,14.873,0.1,2537.0
2487,19.4895,23.3,0.085,3150.0
2488,19.4958,15.553,0.26,2814.0
2489,19.4997,-15.17,0.14,1537.0
2490,19.5036,18.533,0.085,2003.0
2491,19.5101,20.272,0.155,1775.0
2492,19.5119,15.429,0.11,1303.0
2493,19.5142,-10.578,0.085,4213.0
2494,19.529,18.68,0.08,3447.0
2495,19.565,18.528,0.09,3369.0
2496,19.593,20.125,0.155,2669.0
2497,19.597,25.175,0.35,350.0
2498,19.605,35.66,0.28,841.0
2499,19.6081,37.694,0.09,2076.0
2500,19.6228,46.395,0.2,1227.0
2501,19.6228,18.695,0.09,3600.0
2502,19.6245,21.315,0.14,941.0
2503,19.6495,18.665,0.4,774.0
2504,19.65,6.768,0.08,3685.0
2505,19.6597,25.652,0.07,5276.0
2506,19.6666,-30.965,0.34,5428.0
2507,19.6697,26.25,0.1,12617.0
2508,19.6695,14.175,0.115,3918.0
2509,19.688,40.195,0.2,2360.0
2510,19.6957,-33.999,0.11,26316.0
2511,19.6927,27.383,0.47,494.0
2512,19.7067,38.64,0.21,2642.0
2513,19.7105,21.143,0.155,3422.0
2514,19.7128,29.85,0.07,2105.0
2515,19.719,23.3,0.2,1764.0
2516,19.722,1.62,0.52,525.0
2517,19.7455,26.905,0.1,2289.0
2518,19.747,29.26,0.555,852.0
2519,19.752,17.51,0.135,788.0
2520,19.7525,28.167,0.085,3731.0
2521,19.754,-8.0,0.15,13412.0
2522,19.7558,27.828,0.1,2839.0
2523,19.7545,23.9,0.18,1668.0
2524,19.765,27.85,0.085,1112.0
2525,19.7718,24.632,0.125,1392.0
2526,19.78,25.172,0.105,2471.0
2527,19.787,-11.855,0.115,1338.0
2528,19.795,24.255,0.108,4929.0
2529,19.7997,23.337,0.125,4394.0
2530,19.801,26.04,0.1,2769.0
2531,19.7993,59.398,0.11,3095.0
2532,19.8075,27.295,0.093,2787.0
2533,19.807,21.958,0.17,672.0
2534,19.8142,21.215,0.07,4192.0
2535,19.8201,26.835,0.068,2743.0
2536,19.8245,21.167,0.1,2796.0
2537,19.8375,7.905,0.215,603.0
2538,19.85,23.1,0.14,1841.0
2539,19.85,25.27,0.075,1540.0
2540,19.8506,32.233,0.075,7329.0
2541,19.8625,33.535,0.12,4569.0
2542,19.8695,11.628,0.11,4785.0
2543,19.87,18.488,0.165,3065.0
2544,19.87,29.41,0.11,2173.0
2545,19.8867,18.323,0.135,1604.0
2546,19.885,11.695,0.1,3367.0
2547,19.8962,18.779,0.22,3999.0
2548,19.897,39.4,0.14,1039.0
2549,19.9015,34.545,0.34,479.0
2550,19.911,17.87,0.155,5588.0
2551,19.9167,27.216,0.06,1951.0
2552,19.922,12.13,0.12,2451.0
2553,19.9365,12.182,0.1,4200.0
2554,19.9406,32.355,0.075,4451.0
2555,19.9511,31.611,0.15,2860.0
2556,19.9675,26.755,0.145,2628.0
2557,19.9689,30.883,0.077,2735.0
2558,19.9715,32.55,0.08,1447.0
2559,19.9775,20.514,0.14,1582.0
2560,19.9881,56.117,0.1,1202.0
2561,19.9915,34.645,0.115,2296.0
2562,19.993,49.285,0.095,3260.0
2563,20.0005,29.221,0.08,1689.0
2564,20.0058,25.42,0.11,3412.0
2565,20.01,30.577,0.09,977.0
2566,20.0188,33.189,0.06,3518.0
2567,20.0215,33.615,0.075,2088.0
2568,20.024,28.63,0.085,7837.0
2569,20.026,25.215,0.083,1721.0
2570,20.0325,31.445,0.16,8486.0
2571,20.033,33.917,0.1,3354.0
2572,20.0405,35.306,0.075,1668.0
2573,20.041,42.165,0.11,970.0
2574,20.0412,35.685,0.14,2303.0
2575,20.05,11.26,0.115,2108.0
2576,20.049,33.57,0.23,852.0
2577,20.0475,37.65,0.19,1400.0
2578,20.0485,46.195,0.1,1037.0
2579,20.0522,31.967,0.085,2900.0
2580,20.0658,44.16,0.15,1326.0
2581,20.078,33.906,0.1,2047.0
2582,20.0788,-10.485,0.225,513.0
2583,20.081,27.093,0.11,1993.0
2584,20.0817,29.217,0.185,2096.0
2585,20.0815,-30.355,0.135,2402.0
2586,20.0905,11.942,0.095,4860.0
2587,20.0915,33.567,0.085,3924.0
2588,20.098,41.195,0.205,1532.0
2589,20.0977,40.54,0.07,2394.0
2590,20.1,35.77,0.26,1791.0
2591,20.101,-21.921,0.11,20897.0
2592,20.1085,35.57,0.065,2694.0
2593,20.1115,38.365,0.13,3108.0
2594,20.116,33.823,0.115,2645.0
2595,20.1265,35.713,0.205,1580.0
2596,20.128,21.09,0.1,4785.0
2597,20.1285,27.556,0.105,4023.0
2598,20.1405,-3.543,0.13,1221.0
2599,20.1545,35.48,0.185,1142.0
2600,20.1618,36.498,0.1,1445.0
2601,20.164,32.91,0.115,2588.0
2602,20.167,41.355,0.11,4296.0
2603,20.1799,41.178,0.18,5895.0
2604,20.173,33.78,0.415,508.0
2605,20.168,34.97,0.21,1952.0
2606,20.185,37.465,0.48,1580.0
2607,20.189,35.83,0.16,1380.0
2608,20.197,35.665,0.15,1803.0
2609,20.1966,26.81,0.225,432.0
2610,20.1997,28.31,0.115,831.0
2611,20.1983,34.41,0.18,3292.0
2612,20.2005,26.515,0.145,3776.0
2613,20.2055,37.88,0.09,1073.0
2614,20.2195,29.113,0.085,3810.0
2615,20.2267,25.455,0.12,1904.0
2616,20.2295,36.749,0.06,2685.0
2617,20.2415,28.94,0.1,4947.0
2618,20.251,41.185,0.125,884.0
2619,20.2505,33.921,0.11,1928.0
2620,20.257,36.815,0.16,1032.0
2621,20.27,37.88,0.165,1916.0
2622,20.273,52.098,0.23,569.0
2623,20.269,50.245,0.15,1935.0
2624,20.276,37.64,0.22,1764.0
2625,20.2808,33.617,0.1,2331.0
2626,20.28,-79.04,0.33,2218.0
2627,20.295,39.35,0.115,1589.0
2628,20.2964,38.033,0.09,1457.0
2629,20.299,37.875,0.125,2702.0
2630,20.301,36.76,0.06,2405.0
2631,20.302,40.725,0.2,871.0
2632,20.3053,42.625,0.115,1546.0
2633,20.3058,31.21,0.125,2103.0
2634,20.3165,46.31,0.19,1073.0
2635,20.3125,37.73,0.245,1760.0
2636,20.3305,40.895,0.13,2466.0
2637,20.327,38.141,0.105,1239.0
2638,20.3355,40.833,0.115,1238.0
2639,20.3357,39.32,0.13,969.0
2640,20.3368,38.69,0.115,1653.0
2641,20.3545,18.39,0.155,2973.0
2642,20.3555,48.14,0.105,5038.0
2643,20.3605,37.405,0.18,1239.0
2644,20.364,25.735,0.1,2920.0
2645,20.3875,40.795,0.175,1127.0
2646,20.3858,41.695,0.21,758.0
2647,20.4,38.51,0.12,1173.0
2648,20.3992,36.6,0.062,1757.0
2649,20.4085,42.27,0.105,1078.0
2650,20.4075,46.045,0.165,2839.0
2651,20.423,40.226,0.125,1427.0
2652,20.4245,37.39,0.06,1547.0
2653,20.428,41.953,0.13,1063.0
2654,20.4412,41.43,0.1,1813.0
2655,20.4425,37.266,0.09,1087.0
2656,20.4439,-80.0,0.16,2473.0
2657,20.4497,38.972,0.12,1434.0
2658,20.453,39.45,0.09,2378.0
2659,20.4615,36.075,0.08,1379.0
2660,20.4705,40.885,0.085,1818.0
2661,20.4713,35.112,0.1,3797.0
2662,20.476,39.205,0.27,544.0
2663,20.483,40.497,0.1,1297.0
2664,20.4965,41.635,0.2,1499.0
2665,20.5078,41.264,0.085,1863.0
2666,20.5035,44.335,0.15,1456.0
2667,20.517,51.015,0.08,2368.0
2668,20.517,4.72,0.108,1504.0
2669,20.5255,60.66,0.32,1800.0
2670,20.541,40.285,0.13,2024.0
2671,20.5435,41.44,0.18,901.0
2672,20.5545,41.32,0.425,1593.0
2673,20.562,45.616,0.1,1318.0
2674,20.5639,40.115,0.075,844.0
2675,20.565,41.382,0.09,1089.0
2676,20.5698,7.404,0.14,15606.0
2677,20.574,28.28,0.4,844.0
2678,20.579,22.21,0.13,2428.0
2679,20.579,41.415,0.115,3091.0
2680,20.5822,53.296,0.075,1332.0
2681,20.5875,46.841,0.115,2652.0
2682,20.5897,42.368,0.12,1728.0
2683,20.5971,44.29,0.115,1233.0
2684,20.6295,9.968,0.125,4011.0
2685,20.635,42.225,0.09,1186.0
2686,20.6413,42.493,0.155,1790.0
2687,20.642,42.105,0.09,1413.0
2688,20.6436,42.657,0.08,1818.0
2689,20.6735,42.95,0.12,857.0
2690,20.674,24.22,0.14,2304.0
2691,20.6844,16.63,0.148,3280.0
2692,20.6878,41.86,0.07,4227.0
2693,20.6893,41.98,0.095,1190.0
2694,20.697,35.585,0.17,1791.0
2695,20.6958,36.517,0.15,2293.0
2696,20.704,26.587,0.09,3104.0
2697,20.7099,42.946,0.085,1891.0
2698,20.712,26.543,0.12,2542.0
2699,20.7145,37.855,0.145,1150.0
2700,20.72,35.585,0.115,2200.0
2701,20.723,23.785,0.475,543.0
2702,20.7237,37.012,0.12,1817.0
2703,20.7425,11.925,0.155,2451.0
2704,20.7465,43.888,0.1,1238.0
2705,20.751,35.503,0.075,4431.0
2706,20.7575,39.58,0.145,1656.0
2707,20.8185,47.88,0.18,2153.0
2708,20.833,41.255,0.115,2396.0
2709,20.8519,35.945,0.085,4873.0
2710,20.873,37.9,0.28,736.0
2711,20.8861,16.892,0.1,3620.0
2712,20.891,-12.537,0.13,16997.0
2713,20.8931,44.789,0.09,4494.0
2714,20.8955,46.025,0.17,912.0
2715,20.8965,43.115,0.18,852.0
2716,20.8995,45.24,0.19,1905.0
2717,20.9039,44.91,0.15,2153.0
2718,20.9076,47.466,0.445,565.0
2719,20.9205,76.395,0.12,2200.0
2720,20.9382,44.39,0.115,1293.0
2721,20.9417,49.367,0.115,1887.0
2722,20.942,44.61,0.2,741.0
2723,20.9425,46.883,0.12,3948.0
2724,20.9325,51.06,0.25,3301.0
2725,20.9719,43.894,0.08,2183.0
2726,20.9825,50.765,0.127,1201.0
2727,20.9936,-29.395,0.09,1031.0
2728,21.0248,16.187,0.125,41177.0
2729,21.029,44.8,0.13,2220.0
2730,21.028,44.12,0.09,2629.0
2731,21.0295,33.55,0.065,7514.0
2732,21.037,48.105,0.14,2533.0
2733,21.0512,44.56,0.11,1185.0
2734,21.05,40.44,0.105,4236.0
2735,21.0585,39.98,0.165,1414.0
2736,21.0626,46.97,0.1,4940.0
2737,21.0628,47.2,0.14,5408.0
2738,21.0685,50.25,0.115,700.0
2739,21.0697,44.345,0.095,1758.0
2740,21.0865,55.323,0.13,5288.0
2741,21.0893,49.657,0.1,1285.0
2742,21.1035,41.495,0.155,1513.0
2743,21.1183,50.875,0.17,1100.0
2744,21.136,49.01,0.1,1734.0
2745,21.164,40.61,0.115,1584.0
2746,21.1672,15.517,0.15,1069.0
2747,21.174,46.235,0.1,5664.0
2748,21.18,68.545,0.135,1513.0
2749,21.18,37.537,0.155,2928.0
2750,21.1842,45.733,0.29,1550.0
2751,21.1813,50.292,0.08,8999.0
2752,21.181,48.535,0.12,9471.0
2753,21.182,33.732,0.18,2471.0
2754,21.1967,59.965,0.065,1198.0
2755,21.1973,52.378,0.1,4976.0
2756,21.2005,38.61,0.33,501.0
2757,21.2032,47.755,0.165,2530.0
2758,21.21,46.53,0.145,1313.0
2759,21.2135,42.0,0.155,1476.0
2760,21.2195,42.495,0.18,3171.0
2761,21.238,37.88,0.34,2471.0
2762,21.2535,36.165,0.093,1685.0
2763,21.2652,48.853,0.115,701.0
2764,21.275,48.355,0.095,3529.0
2765,21.2833,51.765,0.1,1700.0
2766,21.294,41.817,0.1,13180.0
2767,21.311,41.92,0.155,1599.0
2768,21.326,57.607,0.1,1948.0
2769,21.332,62.347,0.09,2820.0
2770,21.34,55.47,0.1,5883.0
2771,21.3505,44.825,0.11,1802.0
2772,21.366,-51.865,0.235,2933.0
2773,21.3615,50.597,0.115,2472.0
2774,21.3615,50.82,0.15,404.0
2775,21.3717,62.58,0.1,2953.0
2776,21.3775,49.857,0.125,1230.0
2777,21.374,69.33,0.12,2396.0
2778,21.3908,46.39,0.13,1600.0
2779,21.3993,49.93,0.06,2400.0
2780,21.409,36.495,0.205,689.0
2781,21.4035,48.02,0.115,2300.0
2782,21.4105,51.322,0.125,1423.0
2783,21.413,57.532,0.105,6000.0
2784,21.4363,53.534,0.095,7500.0
2785,21.4645,53.742,0.14,1710.0
2786,21.465,47.15,0.085,2801.0
2787,21.4725,51.62,0.105,2328.0
2788,21.4813,54.608,0.06,1535.0
2789,21.48,47.11,0.325,1300.0
2790,21.4995,12.167,0.35,10392.0
2791,21.501,49.0,0.14,3508.0
2792,21.5075,51.608,0.14,1600.0
2793,21.53,48.45,0.9,310.0
2794,21.537,17.575,0.2,1259.0
2795,21.5436,53.755,0.095,1934.0
2796,21.5575,-0.823,0.26,11507.0
2797,21.5683,50.763,0.075,1500.0
2798,21.574,45.915,0.13,2500.0
2799,21.5814,50.924,0.055,2700.0
2800,21.59,53.7,0.085,4724.0
2801,21.5925,69.82,0.11,1988.0
2802,21.594,53.488,0.09,1310.0
2803,21.603,53.805,0.1,4166.0
2804,21.6075,52.465,0.055,2014.0
2805,21.6115,69.267,0.08,1135.0
2806,21.6225,40.595,0.14,3265.0
2807,21.6358,53.817,0.09,8700.0
2808,21.65,57.49,0.74,600.0
2809,21.6542,36.355,0.14,2398.0
2810,21.667,53.965,0.16,590.0
2811,21.6733,-23.18,0.285,8109.0
2812,21.6787,56.598,0.095,7061.0
2813,21.682,52.31,0.135,1940.0
2814,21.699,66.085,0.05,1300.0
2815,21.715,66.11,0.068,1046.0
2816,21.721,52.525,0.06,6699.0
2817,21.7278,51.07,0.095,1100.0
2818,21.7281,54.615,0.085,2300.0
2819,21.7307,53.725,0.09,2301.0
2820,21.7483,47.482,0.11,6002.0
2821,21.7475,30.76,0.165,2489.0
2822,21.7535,65.792,0.26,2200.0
2823,21.761,58.095,0.14,3330.0
2824,21.7695,55.435,0.12,2201.0
2825,21.776,51.418,0.13,1680.0
2826,21.7775,-21.253,0.09,18996.0
2827,21.786,54.928,0.15,6001.0
2828,21.839,51.205,0.1,1867.0
2829,21.8422,47.02,0.1,2443.0
2830,21.844,51.38,0.14,1800.0
2831,21.8484,55.215,0.155,1116.0
2832,21.845,60.64,0.14,1239.0
2833,21.8622,55.313,0.075,14655.0
2834,21.8915,47.265,0.165,770.0
2835,21.8945,62.61,0.22,800.0
2836,21.901,33.584,0.12,1513.0
2837,21.93,63.945,0.16,5733.0
2838,21.9445,51.525,0.215,750.0
2839,21.975,54.49,0.14,1500.0
2840,21.9845,54.79,0.15,2500.0
2841,21.9774,48.967,0.085,7002.0
2842,22.024,35.24,0.13,1819.0
2843,22.0287,54.825,0.09,2300.0
2844,22.068,76.377,0.17,1731.0
2845,22.0685,59.9,0.065,7000.0
2846,22.09,62.27,0.245,1500.0
2847,22.0817,46.552,0.23,1250.0
2848,22.0942,53.333,0.1,6000.0
2849,22.1125,71.975,0.14,2210.0
2850,22.1314,53.117,0.13,1942.0
2851,22.141,61.095,0.205,1033.0
2852,22.1705,58.795,0.28,2578.0
2853,22.1735,55.398,0.122,3001.0
2854,22.1735,52.86,0.195,3210.0
2855,22.1785,60.08,0.085,3399.0
2856,22.186,57.66,0.12,1169.0
2857,22.206,57.265,0.092,2700.0
2858,22.2048,73.37,0.22,3990.0
2859,22.2194,58.977,0.1,1445.0
2860,22.2065,70.245,0.15,1964.0
2861,22.2293,55.753,0.1,1819.0
2862,22.2233,70.045,0.155,3220.0
2863,22.2447,61.44,0.075,1490.0
2864,22.253,49.875,0.6,850.0
2865,22.254,54.333,0.16,4000.0
2866,22.259,54.402,0.085,8001.0
2867,22.2725,60.103,0.075,2500.0
2868,22.2665,53.995,0.155,1750.0
2869,22.2777,60.803,0.06,4427.0
2870,22.3065,56.77,0.1,2200.0
2871,22.3122,59.0,0.14,5610.0
2872,22.307,63.222,0.225,800.0
2873,22.3153,56.088,0.095,4938.0
2874,22.311,46.885,0.21,1200.0
2875,22.3245,61.625,0.115,10000.0
2876,22.3412,58.113,0.22,2692.0
2877,22.3825,55.87,0.06,2600.0
2878,22.392,63.445,0.215,1050.0
2879,22.406,60.413,0.075,5502.0
2880,22.42,71.54,0.25,3093.0
2881,22.4177,57.82,0.18,1600.0
2882,22.4675,52.33,0.1,2013.0
2883,22.4715,59.14,0.12,1800.0
2884,22.479,61.634,0.067,3501.0
2885,22.498,55.405,0.08,3200.0
2886,22.5045,57.195,0.21,1500.0
2887,22.5138,54.845,0.235,2701.0
2888,22.5138,53.954,0.075,2500.0
2889,22.5465,66.67,0.125,5213.0
2890,22.5511,55.535,0.11,3864.0
2891,22.5586,39.579,0.565,700.0
2892,22.5575,43.263,0.085,5312.0
2893,22.5699,43.34,0.187,1900.0
2894,22.579,43.44,0.185,3001.0
2895,22.577,58.295,0.05,2300.0
2896,22.6103,37.726,0.19,600.0
2897,22.604,64.133,0.225,1200.0
2898,22.6525,53.63,0.09,5501.0
2899,22.6566,59.017,0.065,1800.0
2900,22.6602,59.918,0.075,4001.0
2901,22.7022,58.34,0.15,3552.0
2902,22.7085,58.92,0.075,1726.0
2903,22.7065,54.25,1.0,250.0
2904,22.7103,52.368,0.17,4201.0
2905,22.719,75.225,0.13,2210.0
2906,22.7708,75.81,0.105,2251.0
2907,22.789,58.095,0.26,1800.0
2908,22.7943,62.022,0.075,6002.0
2909,22.7895,59.783,0.075,4004.0
2910,22.793,46.31,0.31,700.0
2911,22.823,69.079,0.13,3616.0
2912,22.8577,69.058,0.125,4051.0
2913,22.8618,56.103,0.1,3402.0
2914,22.8682,58.298,0.105,2550.0
2915,22.89,62.12,0.125,5763.0
2916,22.8952,62.6,0.1,7154.0
2917,22.9048,60.8,0.13,2100.0
2918,22.917,59.17,0.205,2750.0
2919,22.9194,57.095,0.11,6001.0
2920,22.919,58.725,0.095,4739.0
2921,22.9315,59.96,0.125,1250.0
2922,22.9415,62.722,0.55,569.0
2923,22.956,54.375,0.25,1000.0
2924,22.9583,65.48,0.15,3801.0
2925,22.985,59.468,0.055,2275.0
2926,23.0165,59.705,0.1,3208.0
2927,23.014,62.888,0.065,1800.0
2928,23.029,62.983,0.075,957.0
2929,23.035,63.065,0.11,700.0
2930,23.0378,57.022,0.3,1819.0
2931,23.0655,63.39,0.59,668.0
2932,23.0742,63.166,0.155,2926.0
2933,23.0876,48.248,0.165,3541.0
2934,23.097,51.07,0.28,900.0
2935,23.1355,60.878,0.09,5500.0
2936,23.1365,60.528,0.145,2000.0
2937,23.1471,64.845,0.675,400.0
2938,23.1407,-15.612,0.09,26303.0
2939,23.1838,60.579,0.133,2100.0
2940,23.227,61.5,0.105,2800.0
2941,23.2325,59.855,0.1,2180.0
2942,23.2466,61.285,0.09,2644.0
2943,23.2536,60.81,0.075,1200.0
2944,23.2542,60.434,0.075,2300.0
2945,23.2571,64.155,0.135,871.0
2946,23.2903,59.474,0.115,2900.0
2947,23.321,70.09,0.19,2000.0
2948,23.331,60.74,0.22,2800.0
2949,23.352,54.67,0.23,900.0
2950,23.3452,61.2,0.13,2500.0
2951,23.3563,71.788,0.125,4999.0
2952,23.3598,40.895,0.14,2062.0
2953,23.3676,55.745,0.11,1450.0
2954,23.4118,61.637,0.325,1350.0
2955,23.4313,61.375,0.145,2500.0
2956,23.4318,63.778,0.065,2700.0
2957,23.4569,73.202,0.14,2227.0
2958,23.4685,55.613,0.26,2000.0
2959,23.4907,56.945,0.115,1633.0
2960,23.5,63.435,0.18,1252.0
2961,23.4948,49.17,0.11,2100.0
2962,23.505,60.247,0.14,1801.0
2963,23.5205,59.775,0.14,805.0
2964,23.5459,64.205,0.18,3000.0
2965,23.523,55.813,0.108,1600.0
2966,23.555,58.463,0.115,1850.0
2967,23.5597,61.938,0.1,1536.0
2968,23.577,81.23,0.205,2650.0
2969,23.593,52.685,0.5,430.0
2970,23.6005,73.86,0.32,5501.0
2971,23.605,72.851,0.195,1952.0
2972,23.6345,70.685,0.14,3330.0
2973,23.6195,48.55,0.4,500.0
2974,23.6343,60.545,0.06,1799.0
2975,23.6477,56.626,0.09,4900.0
2976,23.6628,61.927,0.07,2000.0
2977,23.7002,58.545,0.1,1998.0
2978,23.7265,59.08,0.12,1821.0
2979,23.7298,62.165,0.09,2400.0
2980,23.7545,59.3,0.115,1800.0
2981,23.786,60.91,0.16,2012.0
2982,23.7885,63.22,0.145,2800.0
2983,23.796,68.648,0.3,2850.0
2984,23.7975,62.997,0.06,2800.0
2985,23.831,62.7,0.1,2101.0
2986,23.8335,68.033,0.295,850.0
2987,23.8485,62.32,0.125,7722.0
2988,23.8503,66.188,0.11,4601.0
2989,23.8565,60.834,0.09,1732.0
2990,23.8628,16.245,0.45,1250.0
2991,23.8785,62.448,0.14,3500.0
2992,23.8743,68.193,0.175,2750.0
2993,23.8842,60.47,0.05,1800.0
2994,23.8838,61.959,0.1,2400.0
2995,23.8845,62.778,0.04,1988.0
2996,23.9037,61.74,0.06,2501.0
2997,23.9101,50.142,0.093,6656.0
2998,23.9305,64.62,0.075,2501.0
2999,23.9451,61.397,0.12,2200.0
3000,23.957,56.73,0.415,1800.0
3001,23.957,61.623,0.1,2000.0
3002,23.973,61.198,0.145,2900.0
3003,23.9606,60.083,0.115,4901.0
3004,23.9848,60.694,0.085,5875.0
3005,23.831,68.025,0.213,780.0
